The system shall refresh the display every 60 seconds.,Efficiency
System will support 60HZ display,Efficiency
System will refresh display every time automatically,Efficiency
User can set auto timing in the system,Efficiency
Refresh rate of display can be change,Efficiency
User can use manual refresh at time using system,Efficiency
The system should perform every task in less than 6 seconds.,Efficiency
User can do every task in less than two steps,Efficiency
System display must be user friendly to help user to use system easily,Efficiency
User can do more than ten task in one time,Efficiency
Interface must be easy for every user to complete their task,Efficiency
System should can handle more than ten task in one time,Efficiency
Promotional updates to the website should take a day to update.,Efficiency
System should get update after every month,Efficiency
User can get update of system on Friday of every month,Efficiency
Update must take less than eight hours to update,Efficiency
User can update system automatically after every month,Efficiency
User will get six update once a year,Efficiency
Total lead cycle time must be completed in 5 minutes for 90% of volume.,Efficiency
The response must be 3 minutes for 99% of volume during off business hours.,Efficiency
System must complete every task cycle less than five minutes,Efficiency
System will allow every user to complete their task less than five steps,Efficiency
User can have access to system whole week,Efficiency
System can do more ten task request by different user at same time,Efficiency
More than hundred user can do task at any time,Efficiency
System update should be done in less the 1 hour.,Efficiency
User can update system without any help form staff,Efficiency
User can upgrade system once a year,Efficiency
Update to system will not affect user data,Efficiency
User can upgrade system in less than eight hours,Efficiency
Upgrade can be requested online from system administration,Efficiency
System should get update every month,Efficiency
User can have access to every update from start of month,Efficiency
User can update system automatically,Efficiency
System update size must be less than one GB,Efficiency
System must take less than one hour to complete update,Efficiency
Update will no effect user data,Efficiency
System shall let administrators generate unique pre-paid pins in under 2 minutes and generate an Excel file with the generated PINs.,Efficiency
System will automatically generate random pins for user,Efficiency
User can check new pin in excel file,Efficiency
System will update new pin after every sixty seconds,Efficiency
user can chose random number for system to generate pin,Efficiency
system will automatically send new pins to related user,Efficiency
The product shall process message within 2 seconds.,Efficiency
User can receive any message from system in less than a seconds,Efficiency
User can send more than ten message at same time,Efficiency
System can handle more than hundred messages at one time,Efficiency
System will less than one seconds to send any messages,Efficiency
System can allow more than ten user to send message at same time,Efficiency
The product shall poll the system for new messages at a maximum of every 1 second,Efficiency
System should refresh system in less than one seconds,Efficiency
User can receive more than ten message at same time,Efficiency
System can handle more than hundred messages at one time,Efficiency
System will  take less than one seconds to send any messages,Efficiency
System can allow more than ten user to receive  message at same time,Efficiency
For leads that process longer than 25 seconds the system will record the event and duration,Efficiency
System will make log for every process in system,Efficiency
User can check every process of time duration greater than twenty five seconds,Efficiency
System can process more than ten process at one time,Efficiency
Each process will take less than twenty seconds to complete,Efficiency
system will update each process log daily,Efficiency
The response time shall be fast enough to maintain the flow of the game,Efficiency
The user must get frequent response by system in every system,Efficiency
System must update each user during game time,Efficiency
All response will be deliver to user in less than one seconds,Efficiency
System will allow more than ten use to use system at same time,Efficiency
System will handle more than five games running at same time,Efficiency
The response time shall be no more than 2 seconds for 95% of responses and no more than 4% responses,Efficiency
The user must get frequent response by system in every system,Efficiency
System will allow more than ten use to use system at same time,Efficiency
System must update each user in less than one seconds,Efficiency
System can response more than ten user at same time,Efficiency
System response time will increase in every update,Efficiency
The system shall be responsive. At the DePaul TeleServicesCenter when a supervisor uses the system to view a callers schedule the system response time must be no more than 2 seconds 90% of the time and no more than 5 seconds the Rest of the time.,Efficiency
System will allow user to check caller schedule daily,Efficiency
Caller schedule will be update on daily basis automatically,Efficiency
User will get response by system is less than 5 seconds,Efficiency
User can update caller schedule manually in system,Efficiency
System will update caller schedule list daily after six hours,Efficiency
On a 56k connection the system response time for all operations must be no more than 6 seconds 90% of the time,Efficiency
System will response to user not more than three seconds,Efficiency
User can easily access every time,Efficiency
More than fifty thousand user can access system in one time,Efficiency
System can easily handle more than fifty thousand user request in same time,Efficiency
User will get response of every action in less than two second,Efficiency
On a 112k connection or faster the system response time for all operations must,Efficiency
Be no more than 3 seconds 90% of the time.,Efficiency
System will response to user not more than three seconds,Efficiency
User can easily access every time seven days a week,Efficiency
More than fifty thousand user can access system in one time,Efficiency
System can easily handle more than one hundred thousand user request in same time,Efficiency
User will get response of every action in less than two second,Efficiency
Product should be able to run on different platform contently,Efficiency
System can be easily integrate with other system,Efficiency
System should handle more than five integration at same time,Efficiency
System can be install on different platform for better use,Efficiency
User can use system on other platforms,Efficiency
System can easily connect with other system other system,Efficiency
When purchasing a streaming movie or pre-paid card via credit card the processing time should have a maximum response time of 15 seconds,Efficiency
User can purchase any movie online via system,Efficiency
User will get response after purchase is less than ten seconds,Efficiency
User can use their bank cards to buy movies online via system,Efficiency
User can add more than one card in system,Efficiency
System will allow more than five user to buy same movie in one time,Efficiency
When streaming a movie the buffering time should take no longer than 10 seconds User can watch different movies online,Efficiency
User need less connection to watch movies online,Efficiency
Movies buffering time will be less than ten seconds,Efficiency
User can watch movies on low resolution easily,Efficiency
System will allow any user to watch movies with low internet speed,Efficiency
Customers should be able to purchase and watch a pre-determined movie in less than 3 minutes.,Efficiency
User will allow user to watch movies online,Efficiency
User can buy their favorite movies online,Efficiency
System will allow user to buy more ten movies in one time,Efficiency
System will allow purchase of movies in less than three steps,Efficiency
System will help user to demands about movies that are not available on system,Efficiency
Any interface between a user and the automated system shall have a maximum response time of 5,Efficiency
System will response to user not more than three seconds,Efficiency
The user must get frequent response by system in every system,Efficiency
System will allow more than ten use to use system at same time,Efficiency
System must update each user in less than one seconds,Efficiency
System can response more than ten user at same time,Efficiency
Recreation of Inventory Quantity Adjustment for the period of previous 30 days shall take no more than 30min.,Efficiency
User can create inventory list using the system very easily,Efficiency
System will allow user to create inventory in less than ten steps,Efficiency
User can update inventory at any time,Efficiency
System will update inventory quantity on daily basis,Efficiency
System will take less than thirty minutes to complete this steps,Efficiency
The System shall allow for a minimum of 6 users to work at the same time.,Efficiency
System will allow different user from different places to use system,Efficiency
System will allow more than five user to use system in same time,Efficiency
User can access system to complete their task at any time,Efficiency
System can handle at least six people at same time,Efficiency
User can do different task at same time on system,Efficiency
User gets equal response time for every process.,Efficiency
System will allow different user from different places to use system,Efficiency
User can access system to complete their task at any time,Efficiency
The user must get frequent response by system in every system,Efficiency
System must update each user in less than one seconds,Efficiency
System will take same time to respond to system,Efficiency
"System shall let customers register on the website as a ""pay as you go"" user in under 5 Minutes",Efficiency
System will allow user to get login into system,Efficiency
System will handle more than hundred registration in one time,Efficiency
System will allow user to pay for movies online,Efficiency
User can get register on website in less than three steps,Efficiency
More than ten user get register at same time,Efficiency
"System shall let customers register on the website as a ""unlimited movie subscriber""  user in under 10 minutes.",Efficiency
. System will allow user to get login into system,Efficiency
System will handle more than hundred registration in one time,Efficiency
System will allow user to pay for movies online,Efficiency
User can get register on website in less than three steps,Efficiency
More than ten user get register at same time,Efficiency
System will allow user to use different movies subscription,Efficiency
System shall let existing customers log into the website with their email address and Password in less than 5 seconds.,Efficiency
System will allow user to get login into system,Efficiency
System will handle more than hundred registration in one time,Efficiency
System will allow user to pay for movies online,Efficiency
User can get register on website in less than three steps,Efficiency
More than ten user get register at same time,Efficiency
User can get register using their data is less than five seconds,Efficiency
System shall let customers cancel their account process shall take no longer than 2 minutes,Efficiency
user can cancel their account at any time from system,Efficiency
cancelation process should not take more than three steps,Efficiency
user can cancel account process in less than one minute,Efficiency
system can cancel user request in less than five days,Efficiency
user will be notified once account cancelation is done,Efficiency
Database will mark the account as inactive and user will not be able to log into the website,Efficiency
User can remove their account from user,Efficiency
User can deactivate their account in less than five steps,Efficiency
System will delete all user data in less than ten days,Efficiency
User will not be able to login again into account,Efficiency
User will be notified once account is inactive.,Efficiency
System shall let administrator de-activate a customer account in under 1 minute. Customer will no longer be able to access the website.,Efficiency
User can get back their account in ten days,Efficiency
System will help user to get back their account in less than three steps,Efficiency
"Once account is reactivate, user can login into account again",Efficiency
System will take less then one minute to recover user account,Efficiency
System can recover more than ten accounts on daily,Efficiency
System shall let administrator add/remove movies on the website in less than 5 minutes,Efficiency
System will allow user to add  different movies in system,Efficiency
User can add more than fifty movies in one time,Efficiency
User can also remove more than ten movies from the system,Efficiency
System will update movies list in every hours,Efficiency
System is capable of more than five hundred movies,Efficiency
User can add or remove movies in less than three steps,Efficiency
User can upload movie in less than five minutes in system,Efficiency
Entered movie information will be stored in the database and will now be available on the website.,Efficiency
User can see new movies list online after every day,Efficiency
New movies data will be stored in database,Efficiency
New movies will be update on system daily,Efficiency
Movies information can be update month,Efficiency
In start of every month new movies will be uploaded in system for user,Efficiency
System allow user to re-register their account after deleting account in less than 14 days,Efficiency
User can get back their account in ten days,Efficiency
System will help user to get back their account in less than three steps,Efficiency
"Once account is reactivate, user can login into account again",Efficiency
System will take less than one minute to recover user account,Efficiency
System can recover more than ten accounts on daily,Efficiency
System will not allow more than 1 account on same email and phone numbers,Efficiency
System will allow user to create account using phone or email,Efficiency
System will allow one account on phone number,Efficiency
User cannot create more than one account on one email,Efficiency
System will allow user to create account using more than one email,Efficiency
User will be notified if user is creating account on same email,Efficiency
System shall let the administrator add/remove categories on the website in less than 5 minutes.,Efficiency
System will allow user to create different categories on website,Efficiency
User can use these categories to find their specific task,Efficiency
System can create categories in less then  five minute,Efficiency
System will allow user to at minimum ten categories,Efficiency
System will allow user to create categories in three steps,Efficiency
System shall let Izogn Manager Access sales and usage statistics in under 2 minutes,Efficiency
User can access all data in system less than 5 steps,Efficiency
User can check all sales statistic in less than one minutes,Efficiency
System will update all user data daily,Efficiency
User can update manually in weekly basis,Efficiency
System can hold details of sales more than one hundred MB,Efficiency
System should get update after every hour,Efficiency
System will be updating user data in every hour,Efficiency
User can update system for better performance,Efficiency
User will get update of system everyday,Efficiency
System will update automatically daily,Efficiency
Update size must be less than one hundred MB,Efficiency
It should be easy for user to zoom in data for better viewing,Efficiency
Data must readable after projection to new screen from distance,Efficiency
System should allow user to project different data so data can easily be viewable,Efficiency
Data must be readable on projection screen,Efficiency
User must be able to read data from distance of less than thirty meter,Efficiency
Projection of data to another screen make data readable more easily,Efficiency
Product should support different operating system or platform,Efficiency
System can be run on any operating system,Efficiency
System will be platform independent,Efficiency
System can be run on different platform at one time,Efficiency
System can be integrate with any other system easily,Efficiency
Other system can be also integrate with system easily,Efficiency
Product should handle bad request,Efficiency
System can handle all type bad inputs by user,Efficiency
System will verify every user input using input validation techniques,Efficiency
User can not add any bad request to system due high input validation,Efficiency
System will check each request by user then will do any action,Efficiency
System can handle more than five hundred user request at same time,Efficiency
The look and feel of the system shall conform to the user interface standards of the smart device.,Efficiency
User will not able to do difference between system display and smart device display,Efficiency
System display setting can be done by user manually,Efficiency
System will allow user to change system display size and resolution,Efficiency
System will adjust the display for user by taking assumption of user uses,Efficiency
Display can be easily adjust by user for their daily use,Efficiency
The system shall have a professional appearance,Efficiency
System must support high resolution display,Efficiency
User can customize their display of system,Efficiency
System will refresh display after every thirty seconds,Efficiency
User can user their own display setting,Efficiency
System will allow display projection for better view,Efficiency
Product should get restart in less than 1 minute,Efficiency
System can restart to install updates in system,Efficiency
System will take less than one minute to install,Efficiency
system will automatically restart to install new updates,Efficiency
user can manually restart system,Efficiency
user can restart system minimum three times in a day,Efficiency
The product shall produce search results in an acceptable time,Efficiency
User can search any product using search bar,Efficiency
Search bar give result of more than one hundred results,Efficiency
System will show search result in less than two seconds,Efficiency
User can do search for everything in system,Efficiency
System will save all search history for further use,Efficiency
The search results shall be returned no later 30 seconds  after the user has entered the search criteria,Efficiency
Search bar give result of more than one hundred results,Efficiency
User can do search for everything in system,Efficiency
System will show search result in less than two seconds,Efficiency
System will save all search history for further use,Efficiency
Search bar give result of more than one hundred results,Efficiency
The product shall generate a CMA report in an acceptable time.,Efficiency
user can print their report at any time,Efficiency
system can print more than hundred reports at same time,Efficiency
more than ten people can print report from user at same time,Efficiency
report will need less than five seconds to print from system,Efficiency
system can handle more than hundred request by user,Efficiency
User updated data must display on screen in less than 1 sec,Efficiency
.user can update their data online,Efficiency
System will update every user data every week,Efficiency
User will need less than five steps to update their data,Efficiency
At one time more than fifty user can update their data,Efficiency
Updated data will be shown on system in less then one seconds,Efficiency
The product shall synchronize contacts and appointments in an acceptable time,Efficiency
User can get online appointment from system,Efficiency
System will show all appointment in list by date and time,Efficiency
User can upload new appointment and contacts,Efficiency
System will show user contacts in system,Efficiency
System should less than ten second to show data,Efficiency
The verbiage used within the system shall be consistent with Standard English and the Terminology of the national Nursing Community.,Efficiency
The system must use user friendly symbols as meta tag to help them to better understanding of system,Efficiency
The system must use standard English as help manual,Efficiency
Action words must be in the form of nursing terminology,Efficiency
Words and symbols must meet standard of user using system,Efficiency
System must use that action symbol which is understand by use,Efficiency
The response time of general student management tasks shall take no longer than 5 seconds and the response time of schedule generation shall take no longer than 30 seconds.,Efficiency
System can easily start showing scheduling of system in less then five minutes,Efficiency
Students can view their schedule in less then five steps,Efficiency
system will show different data to students in less then five minutes,Efficiency
more than hundreds students can access system at one time,Efficiency
system can handle hundred request at one time,Efficiency
The system shall achieve 95% up time. System shall be able to handle all of the user requests/usage during business hours,Efficiency
System must be easily accessible by user five days a week,Efficiency
More than hundred user can access system in time,Efficiency
System can handle more than hundred request from user at same time,Efficiency
It will take less than one second to take request from user,Efficiency
User can request more than ten request at one time,Efficiency
100% of the card member and merchant services representatives shall use the Disputes application regularly after a 2-day training course.,Efficiency
User must be able to use system after successful training of system,Efficiency
Training of system should be less than eight hours per day,Efficiency
User with minimum interaction with system must be able use system,Efficiency
Card members must be able to use application on daily basis,Efficiency
Training course of application must be less than three days,Efficiency
New user must need training to understand uses of application,Efficiency
100% of merchant services representatives shall be able to successfully perform a follow up action on a dispute case on the first encounter after completing the training course.,Efficiency
User must be able to add new case in system after training,Efficiency
New case must be add in system by user after training,Efficiency
Adding case in application by user should take less time,Efficiency
Application should not take much time for updating list of new cases,Efficiency
It should be easy for user to update the list of new cases,Efficiency
The maximum wait time for a user navigating from one screen to another within the Disputes application shall be no more than 5 seconds,Efficiency
User can access directly from one page to another page easily,Efficiency
User can navigate form one page to another will take one step,Efficiency
It will take less than two seconds to perform this action,Efficiency
System will total number of pages available in system,Efficiency
System will update every page on daily basis,Efficiency
"The Disputes application shall be available 24x7x365 with the exception of the	 following Scheduled maintenance windows.",Efficiency
User can access system every days in a week,Efficiency
User can get all application online in system,Efficiency
System will update all application on weekly basis,Efficiency
System will not be available during maintenance days,Efficiency
System will take three steps for user to access online application,Efficiency
The product shall increase productivity of Collision Estimators.,Efficiency
80% of the Collision Estimators shall agree their productivity has increase within 1 month of using the product,Efficiency
System should have user friendly interface for estimator,Efficiency
Estimator can easily learn to use system,Efficiency
It should be easy for estimator to have command on system,Efficiency
System command can easily remember after use of ten days,Efficiency
It should be easy for user to do their task in less time due to easy user interface,Efficiency
The search for recycled parts shall take no longer than 15 seconds.,Efficiency
The search results shall be returned in under 15 seconds.,Efficiency
User can search recycled parts online using system,Efficiency
Search bar give result of more than one hundred results,Efficiency
User can do search for everything in system,Efficiency
System will show search result in less than two seconds,Efficiency
System will save all search history for further use,Efficiency
The search for the preferred repair facility shall take no longer than 8 seconds.,Efficiency
The preferred repair facility is returned within 8 seconds,Efficiency
User can search repair parts online using system,Efficiency
Search bar give result of more than one hundred results,Efficiency
User can do search for everything in system,Efficiency
System will show search result in less than two seconds,Efficiency
System will save all search history for further use,Efficiency
The recycled parts audit report shall be returned to the user within 10 seconds.,Efficiency
User can request recycled part audit report online,Efficiency
User will get audit report in  less than ten to fifteen days,Efficiency
System will update all reports on weekly basis,Efficiency
System will take less than 9 seconds to upload data,Efficiency
User will need good quality internet to download reports online,Efficiency
The preferred repair facility ratings shall be saved within 5 seconds,Efficiency
System will save all work done in system automatically,Efficiency
User can access all data save in system,Efficiency
System can save data for at least 30 days,Efficiency
User can download saved data into their system,Efficiency
User will  need three  steps to complete process to access save files,Efficiency
The save shall occur within 5 seconds.,Efficiency
The user data will be saved on system on every hours,Efficiency
System will update user data every time user get offline,Efficiency
System will take less than five seconds to store user data,Efficiency
User can access to their saved data any time,Efficiency
User can download their copy of saved data from system,Efficiency
The product shall not fail more than 2% of the available online time,Efficiency
User must have access on system during day time,Efficiency
User can access system all days of week,Efficiency
System can handle more than hundred user request at same time,Efficiency
More than hundred user can access data at same time online,Efficiency
System will auto recovery technique to get back from crash,Efficiency
The product shall be able to handle up to 1500 simultaneous users.,Efficiency
User can access system at any time of day,Efficiency
More than thousand user can access system at same time without system crash,Efficiency
System can easily handle more than thousand user request in same time,Efficiency
User will get access on system less than five seconds,Efficiency
System can easily access by different user at same time,Efficiency
The average number of recycled parts records per day shall be 50 000,Efficiency
System can have more than one hundred thousand records of recycled  parts,Efficiency
System can save data on daily basis,Efficiency
