The customer shall be able to easily integrate new building maps with the product throughout the product's lifecycle.,Maintainability
System can easily integrate with new map by user,Maintainability
User can easily integrate with system for addition of maps,Maintainability
User can integrate more than ten maps at one time,Maintainability
System can handle only hundred maps at one time,Maintainability
More than hundreds user can do integration with system one time,Maintainability
The product should be easily to extends without any changes into any module,Maintainability
It should be easy for user to extend the system online,Maintainability
User can extends system in less than seven steps,Maintainability
There will be no change in module in any system after upgrade to system,Maintainability
User can upgrade system till level three,Maintainability
System can be extend by any user in less than seven days,Maintainability
Integration of new maps with the product shall be possible with little to no support from product support staff.,Maintainability
Integration process of new maps must be easy for every user,Maintainability
New user can integrate online without any help,Maintainability
Integration of new map can be done without any help manual,Maintainability
User can integrate more than ten map at same time,Maintainability
User will need no help from system staff for integration of system,Maintainability
System shall automatically update the main page of the website every Friday  and show the 4 latest movies that have been added to the website,Maintainability
System automatically update after every Friday,Maintainability
System start showing last movies added on every weekend,Maintainability
User can easily see last movies added list on system after every update,Maintainability
User can manually update system any update,Maintainability
User can find new movies list every weekend,Maintainability
System should maintain all data log after every update,Maintainability
System will have data log stored offline for user,Maintainability
User can find history after every update,Maintainability
System will automatically save user data log on user system,Maintainability
"After every update, system will show user previous data log",Maintainability
User can see all hiss data log after every update,Maintainability
The product shall be internet browser independent. The product must run using Internet Explorer and Netscape Navigator.,Maintainability
User can use product using different online browser,Maintainability
User can use more than ten online available browser to access system,Maintainability
More than hundred user can use same browser to access system,Maintainability
Every user can use different browser to access system at same time,Maintainability
Browser should be internet explorer,Maintainability
Product upgrade shouldn't affect any user data,Maintainability
System must be auto update after every week,Maintainability
System should not affect any user data after week,Maintainability
User can easily update system manually,Maintainability
System upgrade should not take less than one day,Maintainability
User will can upgrade system after every three month,Maintainability
Product extension must be easy without any changing in frontend and backend,Maintainability
System can be extend without any changes in system,Maintainability
User can extend system any time without losing any data,Maintainability
User can update system without changing any system data,Maintainability
System can be update once in month,Maintainability
There will be no change in system during upgrade,Maintainability
90% of maintenance software developers are able to integrate new functionality into the product with 2 working days,Maintainability
System will take less than day to integrate,Maintainability
System will need staff members to integrate system,Maintainability
User can get new update after every six month,Maintainability
New functionality can be added to system by staff will not have any effect on system,Maintainability
New functionality will take less than a day to integrate,Maintainability
Product should be update after at least 2 months,Maintainability
User can update system manually,Maintainability
User can update system after every two months,Maintainability
Every update will have no effect on user data,Maintainability
System update must be less than two GB,Maintainability
System update must take at least six hours to install,Maintainability
Product log should be check after every weekend to ensure system working,Maintainability
System will update about log for system checking,Maintainability
User can check manually system log for system checking,Maintainability
System can update user about system log every week,Maintainability
System can send report of system log to user directly,Maintainability
User can delete their previous data log manually,Maintainability
The product must be highly configurable for use with various database management systems for the end users.,Maintainability
Product can easily run with every database,Maintainability
Any type of database can be integrate with system,Maintainability
User using any type of database can use system,Maintainability
Database can be easily integrate with system to run smoothly,Maintainability
Product can use any database to store user data,Maintainability
80% of end users are able to integrate new database management systems with the product without changing the product's software code,Maintainability
user can integrate any data base with system,Maintainability
System can integrate more than two database at same time,Maintainability
Integration of data will not have any effect on user data,Maintainability
New database will take less than two hours to integrate,Maintainability
Any database can be add be integrate without changing any product code,Maintainability
Maintenance releases will be offered to customers once a year.  The releases shall take no longer than 5 minutes for 80% of the customer base to install,Maintainability
System will provide maintenance service after every year,Maintainability
user can get maintenance service once in a year,Maintainability
it will take user to install less than five minutes,Maintainability
system can get update automatically after one year,Maintainability
user can update system manually once a year,Maintainability
System upgrade should not have any effect on any user content,Maintainability
User can upgrade system with affecting data,Maintainability
System can be easily upgrade in less than one day,Maintainability
User can upgrade system once in year,Maintainability
System will not affect any of user data after upgrade of system,Maintainability
"System update must be focused on system efficiency, performance.",Maintainability
System update improve usability of system,Maintainability
After update system performance must be increase,Maintainability
User can update system manually,Maintainability
User can find update online in update section of system,Maintainability
System must increase efficiency of system after update,Maintainability
Promotional updates to the website should take a day to update,Maintainability
System should get update after every month,Maintainability
User can get update of system on Friday of every month,Maintainability
Update must take less than eight hours to update,Maintainability
User can update system automatically after every month,Maintainability
User will get six update once a year,Maintainability
System upgrading takes less than 2 hours to update,Maintainability
User can upgrade system without any help form staff,Maintainability
User can upgrade system once a year,Maintainability
Upgrade to system will not affect user data,Maintainability
User can upgrade system in less than eight hours,Maintainability
Upgrade can be requested online from system administration,Maintainability
"'	     The product shall be internet browser independent.",Maintainability
System can be run on any browser,Maintainability
Every browser will support user to access system,Maintainability
User can use any open browser to access system,Maintainability
System can access using browser,Maintainability
System will be free to get access by any browser,Maintainability
The product must run using Internet Explorer and Netscape Navigator,Maintainability
The product will use online browser to run,Maintainability
User from everywhere can run system using online browser,Maintainability
More than hundred user can access system using different browser,Maintainability
User need to use open source browser to get access of system,Maintainability
System can be access using online browser by user,Maintainability
The product shall continue to operate during upgrade change or new resource addition.,Maintainability
System can use during upgrade time,Maintainability
Upgrading to system will not have effect on user usage,Maintainability
User can easily use system while addition of new resource,Maintainability
New resource can be add during work time user,Maintainability
User can use system while system is being upgrade easily,Maintainability
The product shall be able to continue to operate with no interruption in service due to new resource additions,Maintainability
System can use during upgrade time,Maintainability
Upgrading to system will not have effect on user usage,Maintainability
User can easily use system while addition of new resource,Maintainability
New resource can be add during work time user,Maintainability
User can use system while system is being upgrade easily,Maintainability
System should add different security patches to system after every week,Maintainability
System update every weekend of week,Maintainability
System will add different security patches in every update,Maintainability
User can update manual in system,Maintainability
User will get update of size less than five hundred MB,Maintainability
System will add security patches every week,Maintainability
The product shall be updated on a regular basis.,Maintainability
System update every night of day,Maintainability
User can update manual in system,Maintainability
User will get update of size less than one hundred MB,Maintainability
System will be updated after every three hours,Maintainability
System will be automatically update at every night,Maintainability
The product will have a new major feature introduced every six months and quarterly maintenance releases every six months,Maintainability
User will get update for new features two time in a year,Maintainability
User can update manual in system,Maintainability
User will get update of size less than one GB,Maintainability
System will be automatically update after every six month,Maintainability
User will get maintenance service after two months a week,Maintainability
The product shall operate with every platform. The product shall accommodate any new technology without any change in its architecture,Maintainability
System can be upgrade with new technology without any fault,Maintainability
System must handle integration of new technologies,Maintainability
User can add third party integration without changes any module,Maintainability
User can install more than different technology at same time,Maintainability
System can use other technology to increase its productivity,Maintainability
"'	     The WCS system must run queries to the WCS databases once again",Maintainability
on a specified day) to update the available data available to CCR users,Maintainability
User can update any data with one query,Maintainability
System can be update data of user in database using query less than of two lines,Maintainability
User can update data of CCR users data in database daily,Maintainability
User data can be update easily by system automatically,Maintainability
User will get their updated data on WCS system on daily basis,Maintainability
Queries must be made to external databases for data refresh once a week.,Maintainability
User can update any data using external database,Maintainability
System can be update data of user in database every week,Maintainability
System will get update by external database once in week,Maintainability
user can update system by using external database,Maintainability
another database can be used to update  the user data,Maintainability
All changes  updates  and additions to the WCS system shall be updated in the WCS Developer and WCS User Guides,Maintainability
User can update system every month online,Maintainability
System can be updates manually by user,Maintainability
System should be update using WCS user guides,Maintainability
Updates  should be done once in week under guides of WCS developer,Maintainability
System can be automatically update once in a month,Maintainability
Every change must be reflected in WCS system documentation,Maintainability
Every system update must include update documentation,Maintainability
Update documentation must include information about new features,Maintainability
Update documentation must be provide before update,Maintainability
Document of update must have size less than three MB,Maintainability
Update documents should be available before 2 week of update,Maintainability
Application updates shall occur between 3AM and 6 AM CST on Wednesday morning during the middle of the NFL season,Maintainability
Update should be between mid night,Maintainability
Update should be once in week,Maintainability
User can update system automatically every week,Maintainability
Update size should be less than one hundred MB,Maintainability
User have option to update manually every week,Maintainability
System version releases shall be released at the beginning of each NFL season,Maintainability
System update version must be notified to user before update,Maintainability
Update must come before start of NFL season,Maintainability
Version number should include time and date for new user,Maintainability
user can check version number of any update before update,Maintainability
system will update version number after every update,Maintainability
