The product is expected to run on Windows CE and Palm operating systems.,Portability
The product is independent of any platform,Portability
Window operating system will support the system to run easily,Portability
System will run on different operating system,Portability
User can install product on different operating system,Portability
System can be run on more than three operating system,Portability
The system shall operate within the Windows XP Professional operating system,Portability
The system will run on windows operating system,Portability
User can easily install system on windows OS,Portability
System will be available to use for user on their operating system,Portability
Window operating system will automatically update system to run smoothly,Portability
User can easily update system on windows operating system,Portability
The system shall interface with CampusConnect's central server,Portability
It should be easy for system to connect with campus server,Portability
Interface should be easily for user to help them to connect with campus,Portability
System can be connect with different campus server,Portability
It will be easy for user to connect system with any server,Portability
"Interface of system will design for every new user, to help them use system easily",Portability
System components must have ability to work on different platforms,Portability
System can be easily integrate with other system,Portability
System should handle more than five integration at same time,Portability
System can be install on different platform for better use,Portability
User can use system on other platforms,Portability
System can easily connect with other system other system,Portability
Movies shall be encoded and streamed via Windows Media Player 9.0,Portability
Online movies should be encoded for better result,Portability
User can watch movies using different media player,Portability
More than hundred user can use watch movie at same time,Portability
Different user can watch same movie on same time from different places,Portability
User have access to different media player to watch movies online,Portability
The product shall accommodate any new technology without any change in its architecture.,Portability
System can be upgrade with new technology without any fault,Portability
System must handle integration of new technologies,Portability
User can add third party integration without changes any module,Portability
User can install more than different technology at same time,Portability
System can use other technology to increase its productivity,Portability
We must be able to interface with any HTML browser.,Portability
System can easily support HTML browser,Portability
System can run on online any browser,Portability
User can use any simple browser to run system,Portability
System can be used using different simple browser,Portability
Browser can easily integrate with system to run smoothly,Portability
The product must work with almost every database available in market.,Portability
Product can easily run with every database,Portability
Any type of database can be integrate with system,Portability
User using any type of database can use system,Portability
Database can be easily integrate with system to run smoothly,Portability
Product can use any database to store user data,Portability
The product will function alongside server software on any operating system where the Java runtime can be installed,Portability
User can access system from any operating system that have java,Portability
Jave can be used to access system on operating system,Portability
Operating system must have java in order to access system,Portability
System will need java installation on operating system to run easily,Portability
User will need to install java to access system online,Portability
The product will require collaboration with a database management system (DBMS).  The DBMS may be located on the same machine as the product or on a separate machine residing on the same computer network,Portability
The system can store its data on same machine of user,Portability
User data will be store on same operating system while using system,Portability
User can save their system on other system also,Portability
User can access system online and can save data on their operating system,Portability
System will stored data on user machine till user use system,Portability
The product must make use of web/application server technology.  Open source examples include Apache web server Tomcat and the JBoss application server.,Portability
System will be using online web server to giver access to user,Portability
User from different places can get access on system using web server,Portability
System can use any online open server to give access to remote user,Portability
User can access system online by using remote server,Portability
Online open remote server can be used to as system server,Portability
The product shall be internet browser independent,Portability
System can be run on any browser,Portability
Every browser will support user to access system,Portability
User can use any open browser to access system,Portability
System can access using browser,Portability
System will be free to get access by any browser,Portability
The product must run using Internet Explorer and Netscape Navigator,Portability
The product will use online browser to run,Portability
User from everywhere can run system using online browser,Portability
More than hundred user can access system using different browser,Portability
User need to use open source browser to get access of system,Portability
System can be access using online browser by user,Portability
The product shall be internet browser independent,Portability
The product can easily run every browser,Portability
User can use any browser to access system,Portability
System will support more than twenty browser for access,Portability
Product can be access using browser by more than hundred user at same time,Portability
Different user can access product form same browser at same time,Portability
A database management system such as Oracle  DB2  MySql or HSQL will need to be integrated with the product,Portability
User can integrate supported database with any time,Portability
There are more than three database available to integrate  with  system,Portability
User can integrate system manually to store their offline,Portability
User can select more than two database to work with system,Portability
System can be run using two database at same time],Portability
The product shall be used in office environments,Portability
User can only use product in day time till evening,Portability
System can be access by user only till evening,Portability
User use system from Monday till Saturday in office time,Portability
User can access system at time till evening whole week,Portability
System will be available to user from early morning till evening,Portability
The product shall display HTML properly in 80% of all HTML browsers tested (minimum is to test 8 browsers).,Portability
The product should display every data on web browser,Portability
User can test their browser to check if system run or not,Portability
System can be test on different browser by user any time,Portability
User can use any open source browser to check system display,Portability
System should display all data to user in browser,Portability
The product is expected to integrate with multiple database management systems.,Portability
The product can be run on  different type of database,Portability
User can use any type of database to save data online,Portability
User can update their data using any database on system,Portability
System can easily integrate to other database at same time without losing any data,Portability
System can be run on different database at same time,Portability
The same hardware supporting the current website will be used to support the new system.,Portability
Integration of system should be easy for every user,Portability
User can easy change their hardware for system,Portability
Changing hardware should not effect on any system,Portability
System should support hardware upgrade by user,Portability
User can easily integrate new hardware with system without changing in system,Portability
We must be able to interface with the following browsers: IE 5.X  6.0  Netscape 6.x  7.x  8.x and Firefox,Portability
User can easily integrate with new browser with any data loss,Portability
System can be easily integrate with online browser,Portability
User can use online browser to access system,Portability
More than hundred Remote user can access system at same time using same browser,Portability
User can integrated browser to access system at any time,Portability
98% of the user workstations shall meet the minimum hardware requirements prior to implementation,Portability
User will need to meet requirement in order to use system,Portability
User can only access system by meeting requirements,Portability
User need to cover minimum requirement to access system,Portability
System can be access by only user with specific hardware,Portability
