The product shall provide Dynamic Change Support and Transparent resource addition.,Reliability
This system can easily integrate new resources,Reliability
The product can easily handle any changes,Reliability
System can handle all new integration request easily,Reliability
User can easily install different third party resources with system easily,Reliability
User can upgrade system any time with addition of new resources,Reliability
The product shall be available 99% of the time.,Reliability
The user can easily access system at any time,Reliability
System will be available for user from day to late night time,Reliability
User can access system easily seven days a week,Reliability
User can use system every time simultaneously,Reliability
More than one hundred user can access system any time at same time,Reliability
The product shall be available 99.99% of the time for regular business days.,Reliability
The product should be available for user in at least five days a week,Reliability
User can easily access system in whole week,Reliability
Different user can access system in day time for at least five days of week,Reliability
User can use system for whole day,Reliability
System can be easily accessible from Monday to Friday,Reliability
The product shall have fault avoidance based on standards adoption,Reliability
The product should be able to handle all changes without any fault,Reliability
Product can easily be integrate with other resource,Reliability
The product should be fault free when any changes comes,Reliability
There should be no fault while additions to system,Reliability
The product should have no fault while integration to new system,Reliability
The product shall have fault tolerance by using recovery technique compensatory transaction and routing around failures.,Reliability
Product should have recovery mode when interact with any fault,Reliability
Recovery technique should be install with product,Reliability
The product should have auto recovery program,Reliability
Product failure should be handle with recovery technique,Reliability
Auto recovery can be used whenever system face with failure,Reliability
The product shall be able to process all transactions.,Reliability
User can easily do all type of transaction using system,Reliability
User can do more than one hundred transaction at one time,Reliability
System can handle more than thousand request from user,Reliability
Product can be used by user to do transaction at any time,Reliability
Different user more than one hundred can do more than hundreds transaction at one time,Reliability
The product shall process minimum of 1 million transactions per year.,Reliability
User can do more than thousand transaction per day,Reliability
Product can easily handle more than ten thousands request at one time,Reliability
Product can do more than thousands transaction in week,Reliability
Product can handle more than five hundred user at one time,Reliability
System can process more than hundred request at one time,Reliability
The available server must be reliable and the network connectivity in the supermarket should be proper for smooth flow of all operations and data.,Reliability
Server can handle more than thousand user request at one time,Reliability
Less internet speed is required for connection with system,Reliability
User need less than 100kbps speed to connect with system,Reliability
System use less internet to do all kind of transaction,Reliability
Server must allow more than thousand user at one time for smooth operation flow,Reliability
The product shall be expected to operate within the maximum maintenance budget for a minimum of 2 years,Reliability
The product can be maintain in very low budget,Reliability
User need no high budget to maintain their system,Reliability
Product can be maintain for more than two year in low budget,Reliability
Product will need maintained about after two years,Reliability
Product need low money to maintain,Reliability
Defect reports will be available to technical units on a 24x7 basis,Reliability
Technical units can be easily check after very eight hours,Reliability
System will print all error report every weekend,Reliability
User can print complete system report at any time,Reliability
Defect reports can be check in system,Reliability
Technical unit can print more than one hundred reports at one time,Reliability
The product shall be available 24 hours per day seven days per week,Reliability
User can access system from early morning to late night,Reliability
System can be access by user for whole week,Reliability
User can use system at time of day and night,Reliability
Product can easily access by user throughout the week,Reliability
Product can be access seven days a week,Reliability
The product shall able to handle a large number of games simultaneously,Reliability
User can easily access to different games at one time,Reliability
Product can handle different types of games request at one time,Reliability
Product have capability of handling more than hundreds games at one time,Reliability
More than hundred user can access different games at same time,Reliability
Product can have more than hundred games saved for online users,Reliability
The product shall be able to handle a large number of request at one time,Reliability
System can handle more than hundreds requests at one time,Reliability
User can access system at any time,Reliability
system can handle more than one hundreds user request at one time,Reliability
user can do different task at same time on system,Reliability
system can handle more ten user request at one time,Reliability
The response time shall be fast enough to maintain the flow of the game.,Reliability
User must get response by system in less than two seconds,Reliability
System will update user about any error frequently,Reliability
System response in game will not more than one seconds,Reliability
System will update user during any game,Reliability
User will get feedback from system continuously by system,Reliability
The response time shall be no more than 2 seconds for 95% of responses and no more than 4% for the remaining responses.,Reliability
System will be continuously updating different request and generating response for user,Reliability
User will get response from system is less than one seconds,Reliability
User will get notified about error or any fault in less than seconds,Reliability
System will response to every request done by user in not more than three seconds,Reliability
User will be get update about transaction in less than three seconds,Reliability
The website shall continue to operate if the streaming server goes down.,Reliability
System have capability to run even any of module is not working,Reliability
User can use system for if streaming is not working at time,Reliability
Streaming server will have no effect on the system,Reliability
user can use system if streaming server is not working,Reliability
system will not get effect if streaming server is not working,Reliability
The streaming server will support a maximum of 700 movies; new servers can be added to support more movie,Reliability
System can easily handle more than six hundred movies,Reliability
User can integrate more server to support more movies,Reliability
User can stream more than one hundred movies at same time,Reliability
System can easily work with more than three server at same time,Reliability
More than one user can do online streaming from system,Reliability
The steaming server should support 1000 plus user to stream,Reliability
System can support more than hundred user to stream,Reliability
User can do streaming online for more than six hours,Reliability
System will allow more then thousand user to stream at same time,Reliability
Online streaming can be done by different user at same time using time,Reliability
The product shall be available during normal business hours. As long as the user has access to the client PC the system will be available 99% of the time during the first six months of operation,Reliability
User can easily access system six days of week,Reliability
System will be available for user complete week in first six month,Reliability
User can use system during day time,Reliability
More than hundred user can access at day time easily,Reliability
System will be available to every user during day time till late night,Reliability
The product shall have a consistent colour scheme and fonts.,Reliability
System interface will be design for every type of user,Reliability
Interface of system will be user friendly,Reliability
System will use standard fonts and colour for different function and menus,Reliability
User can understand system more by using universal user friendly fonts,Reliability
System can be easy to use for user because of user-friendly colour scheme,Reliability
System should not crash if any error happens,Reliability
System must handle every type of error,Reliability
User can do any type of with system crash,Reliability
System can handle any error using auto recovery system,Reliability
User can use system without any error,Reliability
System must have install error handling technique to avoid system crash,Reliability
The product shall operate in offline mode whenever internet connection is unavailable,Reliability
User can use system even interne is not available,Reliability
System only need internet connection when ever any important action is required,Reliability
user can use different function of system offline,Reliability
user will need internet to do some transaction,Reliability
system will be working without internet,Reliability
The product shall allow the user to view previously downloaded search results CMA reports and appointment,Reliability
User can easily view their history,Reliability
User can check their previous reports printed on system,Reliability
System allow user to check their search result of appointment,Reliability
User can check their previous reports of less than seven days,Reliability
System will allow user to see all history of last month,Reliability
The website shall continue to operate if the payment gateway goes down.,Reliability
User can easily use system if any module of system is not working,Reliability
User can use system for if payment method is not working at time,Reliability
Payment method will have no effect on the system,Reliability
user can use system if payment method is not working,Reliability
system will not get effect if payment gateway is not working,Reliability
100% of saved user preferences shall be restored when system comes back online.,Reliability
User online data will be saved every ten seconds,Reliability
User can get their data back when they get online again,Reliability
System will auto save data of every user,Reliability
user data will be update every time user get offline,Reliability
user preference will never change from system,Reliability
The product shall be able to support multiple remote users,Reliability
System can be access online from any where,Reliability
User can access system from different places at same time,Reliability
More than hundred user can use system at one time,Reliability
