Words and symbols must meet standard of user using system,Usability
"using different type of symbols, header and menus will user to understand better and help them to use easily",Usability
System supports users in completing actions accurately,Usability
Users should only have to navigate through a maximum of 4 pages to create an account with the website.,Usability
System will allow new user to create account with very easy steps,Usability
User can start using system after registration in system,Usability
User sign up page will get every related information from user,Usability
There will be more than three pages for user to get register in system,Usability
Sign up menu will provide in system for user to create account in system,Usability
Users should be able to access their streaming movies in fewer than 2 clicks after logging into the website.,Usability
User can easily find their favourite movies list after login into system,Usability
User can watch different types of movies online,Usability
user can search movies online,Usability
user can also able to save their favourite movies online,Usability
it will take less than three steps to watch movies,Usability
An anonymous survey will show that 70% of customers are comfortable purchasing streaming movies after 2 weeks using the website.,Usability
User will be allowed to buy movies online at any time,Usability
User can buy more than ten movies online,Usability
System will allow user to search  different movies and buy them at any time,Usability
User can start buying after creating  an account in system,Usability
"Movies will be available online, so user can purchase them",Usability
An anonymous survey will show that 95% of customers are comfortable using and purchasing pre-paid cards after a month of using the system,Usability
System will allow any user to purchase online after login into system,Usability
User can use buy interface easily after using system for some time,Usability
"user will have trust on system, after using system for more than two days",Usability
user can easily buy their card online less than three minutes,Usability
it will be easy for any user to use system for buy any pre-paid card,Usability
The product shall be easy for customers with novice skills on the Internet to purchase and watch streaming movies.,Usability
Customers should be able to purchase and watch a pre-determined movie in under 3 minutes,Usability
It will be easy for new user to buy any movies online after creating account,Usability
New user can easily watch movies online without any purchase,Usability
User can demand any movie they are willing to purchase,Usability
User can buy any movie online is less than two steps,Usability
Users shall be able to reach the 'add'  'drop'  and 'trade player' pages with one click from the team owner's page,Usability
user can easily find their favourite team in  search list,Usability
user can find any team owner by searching team information,Usability
user can add any team into their favourite list,Usability
add or drop menu of player can be access within three steps,Usability
user can find trade player pages online  in less than one minute,Usability
Users find it pleasant to use and appropriate for its industry/topic,Usability
Users can perform tasks quickly through the easiest process,Usability
User with no experience can easily use system,Usability
User with minimum interaction with system must be able use system,Usability
User will used system easily if most of content on system is use friendly,Usability
User will update his information,Usability
System Administrators shall monitor message exchanges will predict and determine problems and will also provide internal and external support.,Usability
User can find online help regarding system for better understanding of system,Usability
User can ask for help form administration directly using system,Usability
Administration can help user to use system efficiently,Usability
Administration will provide help to user for better understanding of system,Usability
User can get external help from administration for system use,Usability
User will not able to do difference between system display and smart device display,Usability
"User will get active response from system , if user get in any trouble or error",Usability
User will enjoy while using the system,Usability
User will easily able to use system features after using system first time,Usability
User will be notified after every action,Usability
User should not take less than one to learn new system,Usability
User shall be able to view at least 25 NFL player statistics and points on each page,Usability
It will be easy for any user to find points of each player,Usability
User can customize how much player statistic show on one page,Usability
User can see more than thirty players on every page,Usability
System will allow every user to check statistic  of their favourite player,Usability
NFL player points can be seen on first page for new user,Usability
User relating to any industry can easily this system for their use,Usability
User no training to use system,Usability
User must understand system using help menu,Usability
User must complete task with help of system meta tag,Usability
User must be able to use system after successful training of system,Usability
User must be able to use and complete their task efficiently,Usability
User must be able to read data from distance of less than thirty meter,Usability
User must be able to input as much data as system want,Usability
User must be able to complete all task easily without any error,Usability
User must be able to add new case in system after training,Usability
User have access to modified their display as per their need,Usability
User from different places can use system at same time,Usability
User friendly product can help user to complete their task in less time easily,Usability
User friendly menu will be used in interface for user to use system,Usability
user friendly interface can help user to understand system,Usability
User can will use user friendly menu to help user to understand system,Usability
User can use this system for their prospective use,Usability
User can use more than two language at one time,Usability
User can use monitoring system,Usability
User can use GUI to check all details in system,Usability
User can start using system after completion of their training,Usability
User can select any language to use system,Usability
User can select any language by using filter of countries,Usability
User can reserve more than five room for one day,Usability
User can monitor their task online easily,Usability
User can easily remember all steps to complete task,Usability
User can easily install the system from start to end,Usability
User can easily find their way to complete task by following helpful word in system,Usability
User can easily change their display setting after using system for one week,Usability
User can complete their budget list in less than three steps,Usability
User can complete task easily without any error,Usability
User can complete any task in system without any manual,Usability
User can buy online monitoring services by monthly payment,Usability
The product shall be easy for System Administrators and DBAs to use after two weeks of usage.,Usability
The  user will need at least one week to understand system fully,Usability
System will be more easy for the user after training of two week,Usability
User will have better command on system after some time of uses,Usability
System will take at least four days for user to understand,Usability
User can easily use system for their use after eight hours of uses,Usability
The product shall increase productivity of Collision Estimators. 80% of the Collision Estimators shall agree their productivity has increase within 1 month of using the product.,Usability
System should have user friendly interface for estimator,Usability
Estimator can easily learn to use system,Usability
It should be easy for estimator to have command on system,Usability
System command can easily remember after use of ten days,Usability
It should be easy for user to do their task in less time due to easy user interface,Usability
Users shall feel satisfied using the product.  85% of all users will be satisfied with the product,Usability
It should be easy for every new user to use system,Usability
User need to help to learn system,Usability
Any new user can easily interact with system without any manual,Usability
System must have easy command for every task,Usability
User feel comfortable to use system on daily basis,Usability
The product shall be easy to learn by Adjusters and Collision Estimators.  The product shall be learned with two days onsite training,Usability
The system interface will be very easy for new user,Usability
New user can easily use system after training of eight hours,Usability
Estimator can use system for their daily task,Usability
Training for new user will  help them to use system easily,Usability
User can start using system after taking training of six hours,Usability
The user shall easily locate instructions while using the product.  User help can be found within 90% of the system,Usability
User can find help regarding using of system from help menu,Usability
Different navigation menu will be provided for user to understand system,Usability
User can take help for system from help symbols,Usability
Every new user can use system by following support menu,Usability
System will provide FAQs to help user to understand system,Usability
User can archives any tasks less than 5 steps,Usability
Understanding of system should be part of system,Usability
Understanding of system must be easy for new user,Usability
Training time of system should be less then one day,Usability
Training session for this system will be less than ten hours,Usability
Training session for new user must be less than eight hours,Usability
Training of system should be less than eight hours per day,Usability
Training course of application must be less than three days,Usability
Till late night system should be accessible throughout year,Usability
The website will use standard Internet conventions when interacting with the user.,Usability
It will be easy for every user to understand system using procedure,Usability
User can easily do their task because of user friendly interface,Usability
Website will be follow universal user interface to help any user to use system,Usability
User need no help to use the system,Usability
System will use universal help menu to help user to use system,Usability
The website will provide a help section with answers and solutions to common problems.,Usability
The system will provide help menu to help user to understand system,Usability
User can find answer of any query relating to system from help menu,Usability
FAQs will be provided in system to help user to use system,Usability
System will be very easy to use for any user due to help menu,Usability
Every problem answer will be provide on help symbol for new user,Usability
'The WCS system shall use appropriate nomenclature and terminology as defined by the Corporate Community Grants organization. All interfaces and reports will undergo usability tests by CCR users,Usability
System must use all terminology as define by organization,Usability
User can generate their reports for further tasks,Usability
Reports can be printed easily by new user in easy steps,Usability
System will help user to print any kind of report in two steps,Usability
Interface of system will be design for new user so they can use system easily,Usability
The verbiage used within the system shall be consistent with Standard English and the terminology of the national Nursing Community.,Usability
The users should be able to easily use the system to successfully complete their budgets within the stipulated time for completion. With a week of training prior to product implementation  98% of the users shall complete their budgets within the stipulated time,Usability
The User should access system all days of the year from early morning till night.,Usability
The user must understand what the system does,Usability
The system will use less steps to complete any task,Usability
The system will support every international register languages,Usability
The system will provide GUI based interface to interact with user,Usability
The system will help user to make their budgets online,Usability
The system will be helpful for any type of user,Usability
The system will allow user to check updates online,Usability
The system will allow user  to do online video conference for more than six hours,Usability
The system shall help the user avoid making mistakes while scheduling classes and clinical for the nursing students.,Usability
The system shall cater to 10 simultaneous users from 9am to 5pm,Usability
The system shall be used by realtors with no training,Usability
The system shall be easy to use by the Program Administrators/Nursing Staff Members.,Usability
The system shall be easy to use by callers and supervisors. Callers and supervisors must be able to accomplish any system task within 2 minutes,Usability
The system shall allow modification of the display,Usability
The system must use user friendly symbols as meta tag to help them to better understanding of system,Usability
The system must use standard English as help manual,Usability
The system must use a point and click interface. 100% of all selection and navigation functionality must be able to be activated/selected by either a mouse or a keyboard,Usability
The user can use system with their keyboard and mouse,Usability
Interface of system will support both mouse and key board,Usability
Mouse and keyboard both can be used to use system,Usability
User can easily do their task by mouse or keyboard,Usability
System will allow user to use mouse or keyboard to accomplished their task,Usability
The system must be easy to use for user to call and complete their specific task in less than minutes,Usability
The system must be easy for administration staff to complete their task,Usability
The system must be available in day time for whole year.,Usability
The system must be available from day to the late night whole year,Usability
The system must be available for use between 7:00AM and 11:59PM all days of the year.,Usability
The system interface is very easy to use for every user to reserve room for online meeting,Usability
"the System interface is easy to learn and navigate; buttons, headings, and help/error messages are simple to understand",Usability
The system help user to schedule their task,Usability
The system can use in day times throughout the year,Usability
The system can access to use from early morning till late night all days of year,Usability
The product use user friendly interface for user to understand system,Usability
The product should have good user response on any error,Usability
User will get response if any time user get error,Usability
User will be notified about any error or fault in system,Usability
System will generate an error report done by user any time,Usability
User can easily check all error in error menu,Usability
System will response in time of error done by user,Usability
"The product should be user friendly, so user can easily complete their task",Usability
"The product should be easy to use for new customer, So they can buy and watch movies online",Usability
The product should be easy to use for new customer,Usability
The product shall use symbols and words that are naturally understandable by the realtor community.,Usability
The product shall use a standard navigation menu familiar to most web users,Usability
The product shall provide Monitoring Services.,Usability
The product shall provide GUI based Monitoring Services,Usability
The product shall make the users want to use it. 80% of the users surveyed report they are regularly using the product after the first 2 weeks post-launch,Usability
Every user will be using the system after launch of system,Usability
System will attract more user because of user friendly interface,Usability
User will easily use system for their daily task,Usability
User will start using system before launch of system,Usability
System will help user to complete their task using navigation icons.,Usability
The product shall give users feedback when necessary.,Usability
The product shall be intuitive and self-explanatory.  Nine out ten users shall be able to successfully complete,Usability
The product shall be installed by an untrained realtor   without recourse to separately-printed instructions.,Usability
The product shall be easy to use. 90% of users will be able to successfully reserve a conference room within 5 minutes of product use,Usability
The product shall be easy for customers with novice skills on the Internet to purchase and watch streaming movies,Usability
The product shall be easy for a realtor to learn.,Usability
The product shall be available to players who understand English Spanish and French,Usability
The product shall be able to display calendar dates and times according to the user's locale.  90% of survey respondents from each target market country will find that the date and time formatting of the product is correct.,Usability
The system will allow user to customize time setting as per their need in calendar,Usability
User can enter their local times from calendar,Usability
Local time will not be shown on product list in system,Usability
"System will auto update user local time, every time",Usability
User have access to change time and date from system,Usability
User can format time and date accordingly,Usability
The product shall allow the user to select a chosen language from one of the target market countries.,Usability
The product interface should be easy to for new customer to understand,Usability
The look and feel of the system shall conform to the user interface standards of the smart device,Usability
The availability of system should be whole year.,Usability
'The application shall ask the user to confirm dropping a player or trading a player before performing the action,Usability
The system will ask permission before doing any action,Usability
User can set their permission for certain action in system,Usability
System will allow user to drop any player,Usability
User can easily drop trading player after permission,Usability
Player can be dropped by user after their conformation,Usability
Task completion should take less than sixty seconds for user,Usability
Task completion rate by user must be greater than eighty percent,Usability
Task completion can done easily by using system for new user,Usability
task can be easily complete for user by learning user friendly interface,Usability
System will notified user about any update in system],Usability
System will help user to do all types of task error free,Usability
System will have universal user friendly menus list for user,Usability
System will give answer to every input of user,Usability
System will easy for user to complete any task,Usability
System will be easy to use for any task for any type of user,Usability
"It supports a range of user actions and only shows an error in genuine erroneous situations. You achieve this by finding out the number, type and severity of common errors users make, as well as how easily users can recover from those errors.",Usability
The system will help user to do all type of task less than minutes,Usability
User will not make much error while using the system,Usability
System will help user to recover from error,Usability
System should support every type of input to reduce the chance of error,Usability
Amount User can enter their data with less amount to error,Usability
"when they first encounter an interface, users should be able to find their way about easily enough to achieve objectives without relying on outside/expert knowledge",Usability
the system will be very easy to use for new user of system,Usability
this system will help new user to do their task without  any help,Usability
any type of user can do any task with help of system catalog,Usability
user can complete their task by taking help from system,Usability
user need no training to complete any task,Usability
"system interface must user friendly, so new user can complete task without taking any help from outside",Usability
User must be able to determine current battery strength upon presentation.,Usability
User must be able to interact with system icons,Usability
System icons must be understandable by user,Usability
Icons can be used as shortcut during task,Usability
System icons must present understandable values to user,Usability
User have access to customize icons as per their need,Usability
The system software must be tailored for the needs of the individual patient,Usability
The system must be easy use for every type of user,Usability
System allow every patient to enter data without any error,Usability
Every patient can enter their data in system easily,Usability
User will use system easily to update their data system,Usability
System will help different type of user to maintain their data in system,Usability
,Usability
,Usability
,Usability
80% of end users are able to integrate new database management systems with the product without changing the product's software code,Usability
User will be able to add different product with new database,Usability
New database can be used with every product,Usability
Product now can easily search in database for user,Usability
User can maintain their product by integrating new database,Usability
System will update every product when new product added,Usability
Reports must be easy to generate. Reports must be generated within one button click and exported within one button click.,Usability
System will print every type of report for user,Usability
User can easily print their data form print section,Usability
Updated data can be print from system,Usability
System can print more than one hundreds reports at one time,Usability
A user shall be able to use the system without instruction after a short amount of time. After one use a user should understand and remember 90% of the system usage and navigation,Usability
User can easily learn system after one time use,Usability
System must easy to use for any type of new user,Usability
It should be easy for user to remember user function and navigation menus,Usability
System should have easy helping navigation of for user to complete task,Usability
Task completion can be easy for every user because of universal user interface,Usability
System will be available offline to user,Usability
System will be able to do more than ten conference online at one time,Usability
System will allow user to give feedback on system also,Usability
System will allow user to change system display size and resolution,Usability
System will allow user to change language at any time,Usability
System will allow more than five user to use system at same time,Usability
System will allow any user to use large font of display to help them to easily use of system,Usability
System will adjust the display for user by taking assumption of user uses,Usability
System should take less than two minutes for daily user to complete task,Usability
System should show helpful symbols at time of input from user,Usability
System should provide manual to make it easy to use,Usability
System should have menu for new user to find help to understand system,Usability
System should be efficient for new user to help them understand easily,Usability
System should be easy to use and understand,Usability
System should be easily to use for the new user,Usability
System should be accessible during day time all days of year till late night,Usability
System should allow user to project different data so data can easily be viewable,Usability
System must use that action symbol which is understand by user,Usability
System must understand user input,Usability
System must shows error done by user while entering any type of data,Usability
System must help user to complete their task in less than two minutes,Usability
System must have universal symbol for all type of user,Usability
System must be using helpful word for user to use the system,Usability
System must be easily manage by staff to schedule students classes,Usability
System must be capable of understanding all user data,Usability
System manual must be provided for user to help them to understand system usability,Usability
system interface must be user friendly,Usability
System installation must be easy for any type of user,Usability
System help user to use system for task completion,Usability
"System function must be 	easy usable for every staff working under administration",Usability
System display setting can be done by user manually,Usability
system design must include helpful content for user to navigate to complete their task easily,Usability
System can be access whole year from 7AM till 12AM for users.,Usability
Students can easily access to their schedule of classes,Usability
Student can find their schedule of class manage by nursing staff using system,Usability
Schedule of class must be easy for administration staff,Usability
Schedule can easily be create using system for students,Usability
Receiving call form user must be easy for supervisor and completing their task,Usability
Purchasing and streaming of new movies should be easy for new customer,Usability
Projection of data to another screen make data readable more easily,Usability
Product task completion rate must be less than two minutes,Usability
The system should provide help or support menu for new user to help them understand new system.,Usability
"Product should use universal user interface, which will help user to complete their task easily",Usability
Product should support all international languages,Usability
Product should be help more than ninety percent people to complete their goals,Usability
Product should be easy user for customer to accomplish their task,Usability
product should be available to different user who understand English,Usability
