The customer shall be able to easily integrate new building maps with the product throughout the product's lifecycle.,"'	     The product shall be internet browser independent.",Maintainability
System can easily integrate with new map by user,"'	     The WCS system must run queries to the WCS databases once again",Maintainability
User can easily integrate with system for addition of maps,80% of end users are able to integrate new database management systems with the product without changing the product's software code,Maintainability
User can integrate more than ten maps at one time,90% of maintenance software developers are able to integrate new functionality into the product with 2 working days,Maintainability
System can handle only hundred maps at one time,"After every update, system will show user previous data log",Maintainability
More than hundreds user can do integration with system one time,After update system performance must be increase,Maintainability
The product should be easily to extends without any changes into any module,All changes  updates  and additions to the WCS system shall be updated in the WCS Developer and WCS User Guides,Maintainability
It should be easy for user to extend the system online,another database can be used to update  the user data,Maintainability
User can extends system in less than seven steps,Any database can be add be integrate without changing any product code,Maintainability
There will be no change in module in any system after upgrade to system,Any type of database can be integrate with system,Maintainability
User can upgrade system till level three,Application updates shall occur between 3AM and 6 AM CST on Wednesday morning during the middle of the NFL season,Maintainability
System can be extend by any user in less than seven days,Browser should be internet explorer,Maintainability
Integration of new maps with the product shall be possible with little to no support from product support staff.,Database can be easily integrate with system to run smoothly,Maintainability
Integration process of new maps must be easy for every user,Document of update must have size less than three MB,Maintainability
New user can integrate online without any help,Every browser will support user to access system,Maintainability
Integration of new map can be done without any help manual,Every change must be reflected in WCS system documentation,Maintainability
User can integrate more than ten map at same time,Every system update must include update documentation,Maintainability
User will need no help from system staff for integration of system,Every update will have no effect on user data,Maintainability
System shall automatically update the main page of the website every Friday  and show the 4 latest movies that have been added to the website,Every user can use different browser to access system at same time,Maintainability
System automatically update after every Friday,Integration of data will not have any effect on user data,Maintainability
System start showing last movies added on every weekend,Integration of new map can be done without any help manual,Maintainability
User can easily see last movies added list on system after every update,Integration of new maps with the product shall be possible with little to no support from product support staff.,Maintainability
User can manually update system any update,Integration process of new maps must be easy for every user,Maintainability
User can find new movies list every weekend,It should be easy for user to extend the system online,Maintainability
System should maintain all data log after every update,it will take user to install less than five minutes,Maintainability
System will have data log stored offline for user,Maintenance releases will be offered to customers once a year.  The releases shall take no longer than 5 minutes for 80% of the customer base to install,Maintainability
User can find history after every update,More than hundred user can access system using different browser,Maintainability
System will automatically save user data log on user system,More than hundred user can use same browser to access system,Maintainability
"After every update, system will show user previous data log",More than hundreds user can do integration with system one time,Maintainability
User can see all hiss data log after every update,New database will take less than two hours to integrate,Maintainability
The product shall be internet browser independent. The product must run using Internet Explorer and Netscape Navigator.,New functionality can be added to system by staff will not have any effect on system,Maintainability
User can use product using different online browser,New functionality will take less than a day to integrate,Maintainability
User can use more than ten online available browser to access system,New resource can be add during work time user,Maintainability
More than hundred user can use same browser to access system,New resource can be add during work time user,Maintainability
Every user can use different browser to access system at same time,New user can integrate online without any help,Maintainability
Browser should be internet explorer,on a specified day) to update the available data available to CCR users,Maintainability
Product upgrade shouldn't affect any user data,Product can easily run with every database,Maintainability
System must be auto update after every week,Product can use any database to store user data,Maintainability
System should not affect any user data after week,Product extension must be easy without any changing in frontend and backend,Maintainability
User can easily update system manually,Product log should be check after every weekend to ensure system working,Maintainability
System upgrade should not take less than one day,Product should be update after at least 2 months,Maintainability
User will can upgrade system after every three month,Product upgrade shouldn't affect any user data,Maintainability
Product extension must be easy without any changing in frontend and backend,Promotional updates to the website should take a day to update,Maintainability
System can be extend without any changes in system,Queries must be made to external databases for data refresh once a week.,Maintainability
User can extend system any time without losing any data,System automatically update after every Friday,Maintainability
User can update system without changing any system data,System can access using browser,Maintainability
System can be update once in month,System can be access using online browser by user,Maintainability
There will be no change in system during upgrade,System can be automatically update once in a month,Maintainability
90% of maintenance software developers are able to integrate new functionality into the product with 2 working days,System can be easily upgrade in less than one day,Maintainability
System will take less than day to integrate,System can be extend by any user in less than seven days,Maintainability
System will need staff members to integrate system,System can be extend without any changes in system,Maintainability
User can get new update after every six month,System can be run on any browser,Maintainability
New functionality can be added to system by staff will not have any effect on system,System can be update data of user in database every week,Maintainability
New functionality will take less than a day to integrate,System can be update data of user in database using query less than of two lines,Maintainability
Product should be update after at least 2 months,System can be update once in month,Maintainability
User can update system manually,System can be updates manually by user,Maintainability
User can update system after every two months,System can be upgrade with new technology without any fault,Maintainability
Every update will have no effect on user data,System can easily integrate with new map by user,Maintainability
System update must be less than two GB,system can get update automatically after one year,Maintainability
System update must take at least six hours to install,System can handle only hundred maps at one time,Maintainability
Product log should be check after every weekend to ensure system working,System can integrate more than two database at same time,Maintainability
System will update about log for system checking,System can send report of system log to user directly,Maintainability
User can check manually system log for system checking,System can update user about system log every week,Maintainability
System can update user about system log every week,System can use during upgrade time,Maintainability
System can send report of system log to user directly,System can use during upgrade time,Maintainability
User can delete their previous data log manually,System can use other technology to increase its productivity,Maintainability
The product must be highly configurable for use with various database management systems for the end users.,System must be auto update after every week,Maintainability
Product can easily run with every database,System must handle integration of new technologies,Maintainability
Any type of database can be integrate with system,System must increase efficiency of system after update,Maintainability
User using any type of database can use system,System shall automatically update the main page of the website every Friday  and show the 4 latest movies that have been added to the website,Maintainability
Database can be easily integrate with system to run smoothly,System should add different security patches to system after every week,Maintainability
Product can use any database to store user data,System should be update using WCS user guides,Maintainability
80% of end users are able to integrate new database management systems with the product without changing the product's software code,System should get update after every month,Maintainability
user can integrate any data base with system,System should maintain all data log after every update,Maintainability
System can integrate more than two database at same time,System should not affect any user data after week,Maintainability
Integration of data will not have any effect on user data,System start showing last movies added on every weekend,Maintainability
New database will take less than two hours to integrate,System update every night of day,Maintainability
Any database can be add be integrate without changing any product code,System update every weekend of week,Maintainability
Maintenance releases will be offered to customers once a year.  The releases shall take no longer than 5 minutes for 80% of the customer base to install,System update improve usability of system,Maintainability
System will provide maintenance service after every year,"System update must be focused on system efficiency, performance.",Maintainability
user can get maintenance service once in a year,System update must be less than two GB,Maintainability
it will take user to install less than five minutes,System update must take at least six hours to install,Maintainability
system can get update automatically after one year,System update version must be notified to user before update,Maintainability
user can update system manually once a year,System upgrade should not have any effect on any user content,Maintainability
System upgrade should not have any effect on any user content,System upgrade should not take less than one day,Maintainability
User can upgrade system with affecting data,System upgrading takes less than 2 hours to update,Maintainability
System can be easily upgrade in less than one day,System version releases shall be released at the beginning of each NFL season,Maintainability
User can upgrade system once in year,System will add different security patches in every update,Maintainability
System will not affect any of user data after upgrade of system,System will add security patches every week,Maintainability
"System update must be focused on system efficiency, performance.",System will automatically save user data log on user system,Maintainability
System update improve usability of system,System will be automatically update after every six month,Maintainability
After update system performance must be increase,System will be automatically update at every night,Maintainability
User can update system manually,System will be free to get access by any browser,Maintainability
User can find update online in update section of system,System will be updated after every three hours,Maintainability
System must increase efficiency of system after update,System will get update by external database once in week,Maintainability
Promotional updates to the website should take a day to update,System will have data log stored offline for user,Maintainability
System should get update after every month,System will need staff members to integrate system,Maintainability
User can get update of system on Friday of every month,System will not affect any of user data after upgrade of system,Maintainability
Update must take less than eight hours to update,System will provide maintenance service after every year,Maintainability
User can update system automatically after every month,System will take less than day to integrate,Maintainability
User will get six update once a year,System will update about log for system checking,Maintainability
System upgrading takes less than 2 hours to update,system will update version number after every update,Maintainability
User can upgrade system without any help form staff,The customer shall be able to easily integrate new building maps with the product throughout the product's lifecycle.,Maintainability
User can upgrade system once a year,The product must be highly configurable for use with various database management systems for the end users.,Maintainability
Upgrade to system will not affect user data,The product must run using Internet Explorer and Netscape Navigator,Maintainability
User can upgrade system in less than eight hours,The product shall be able to continue to operate with no interruption in service due to new resource additions,Maintainability
Upgrade can be requested online from system administration,The product shall be internet browser independent. The product must run using Internet Explorer and Netscape Navigator.,Maintainability
"'	     The product shall be internet browser independent.",The product shall be updated on a regular basis.,Maintainability
System can be run on any browser,The product shall continue to operate during upgrade change or new resource addition.,Maintainability
Every browser will support user to access system,The product shall operate with every platform. The product shall accommodate any new technology without any change in its architecture,Maintainability
User can use any open browser to access system,The product should be easily to extends without any changes into any module,Maintainability
System can access using browser,The product will have a new major feature introduced every six months and quarterly maintenance releases every six months,Maintainability
System will be free to get access by any browser,The product will use online browser to run,Maintainability
The product must run using Internet Explorer and Netscape Navigator,There will be no change in module in any system after upgrade to system,Maintainability
The product will use online browser to run,There will be no change in system during upgrade,Maintainability
User from everywhere can run system using online browser,Update documentation must be provide before update,Maintainability
More than hundred user can access system using different browser,Update documentation must include information about new features,Maintainability
User need to use open source browser to get access of system,Update documents should be available before 2 week of update,Maintainability
System can be access using online browser by user,Update must come before start of NFL season,Maintainability
The product shall continue to operate during upgrade change or new resource addition.,Update must take less than eight hours to update,Maintainability
System can use during upgrade time,Update should be between mid night,Maintainability
Upgrading to system will not have effect on user usage,Update should be once in week,Maintainability
User can easily use system while addition of new resource,Update size should be less than one hundred MB,Maintainability
New resource can be add during work time user,Updates  should be done once in week under guides of WCS developer,Maintainability
User can use system while system is being upgrade easily,Upgrade can be requested online from system administration,Maintainability
The product shall be able to continue to operate with no interruption in service due to new resource additions,Upgrade to system will not affect user data,Maintainability
System can use during upgrade time,Upgrading to system will not have effect on user usage,Maintainability
Upgrading to system will not have effect on user usage,Upgrading to system will not have effect on user usage,Maintainability
User can easily use system while addition of new resource,User can add third party integration without changes any module,Maintainability
New resource can be add during work time user,User can check manually system log for system checking,Maintainability
User can use system while system is being upgrade easily,user can check version number of any update before update,Maintainability
System should add different security patches to system after every week,User can delete their previous data log manually,Maintainability
System update every weekend of week,User can easily integrate with system for addition of maps,Maintainability
System will add different security patches in every update,User can easily see last movies added list on system after every update,Maintainability
User can update manual in system,User can easily update system manually,Maintainability
User will get update of size less than five hundred MB,User can easily use system while addition of new resource,Maintainability
System will add security patches every week,User can easily use system while addition of new resource,Maintainability
The product shall be updated on a regular basis.,User can extend system any time without losing any data,Maintainability
System update every night of day,User can extends system in less than seven steps,Maintainability
User can update manual in system,User can find history after every update,Maintainability
User will get update of size less than one hundred MB,User can find new movies list every weekend,Maintainability
System will be updated after every three hours,User can find update online in update section of system,Maintainability
System will be automatically update at every night,user can get maintenance service once in a year,Maintainability
The product will have a new major feature introduced every six months and quarterly maintenance releases every six months,User can get new update after every six month,Maintainability
User will get update for new features two time in a year,User can get update of system on Friday of every month,Maintainability
User can update manual in system,User can install more than different technology at same time,Maintainability
User will get update of size less than one GB,user can integrate any data base with system,Maintainability
System will be automatically update after every six month,User can integrate more than ten map at same time,Maintainability
User will get maintenance service after two months a week,User can integrate more than ten maps at one time,Maintainability
The product shall operate with every platform. The product shall accommodate any new technology without any change in its architecture,User can manually update system any update,Maintainability
System can be upgrade with new technology without any fault,User can see all hiss data log after every update,Maintainability
System must handle integration of new technologies,User can update any data using external database,Maintainability
User can add third party integration without changes any module,User can update any data with one query,Maintainability
User can install more than different technology at same time,User can update data of CCR users data in database daily,Maintainability
System can use other technology to increase its productivity,User can update manual in system,Maintainability
"'	     The WCS system must run queries to the WCS databases once again",User can update manual in system,Maintainability
on a specified day) to update the available data available to CCR users,User can update manual in system,Maintainability
User can update any data with one query,User can update system after every two months,Maintainability
System can be update data of user in database using query less than of two lines,User can update system automatically after every month,Maintainability
User can update data of CCR users data in database daily,User can update system automatically every week,Maintainability
User data can be update easily by system automatically,user can update system by using external database,Maintainability
User will get their updated data on WCS system on daily basis,User can update system every month online,Maintainability
Queries must be made to external databases for data refresh once a week.,User can update system manually,Maintainability
User can update any data using external database,User can update system manually,Maintainability
System can be update data of user in database every week,user can update system manually once a year,Maintainability
System will get update by external database once in week,User can update system without changing any system data,Maintainability
user can update system by using external database,User can upgrade system in less than eight hours,Maintainability
another database can be used to update  the user data,User can upgrade system once a year,Maintainability
All changes  updates  and additions to the WCS system shall be updated in the WCS Developer and WCS User Guides,User can upgrade system once in year,Maintainability
User can update system every month online,User can upgrade system till level three,Maintainability
System can be updates manually by user,User can upgrade system with affecting data,Maintainability
System should be update using WCS user guides,User can upgrade system without any help form staff,Maintainability
Updates  should be done once in week under guides of WCS developer,User can use any open browser to access system,Maintainability
System can be automatically update once in a month,User can use more than ten online available browser to access system,Maintainability
Every change must be reflected in WCS system documentation,User can use product using different online browser,Maintainability
Every system update must include update documentation,User can use system while system is being upgrade easily,Maintainability
Update documentation must include information about new features,User can use system while system is being upgrade easily,Maintainability
Update documentation must be provide before update,User data can be update easily by system automatically,Maintainability
Document of update must have size less than three MB,User from everywhere can run system using online browser,Maintainability
Update documents should be available before 2 week of update,User have option to update manually every week,Maintainability
Application updates shall occur between 3AM and 6 AM CST on Wednesday morning during the middle of the NFL season,User need to use open source browser to get access of system,Maintainability
Update should be between mid night,User using any type of database can use system,Maintainability
Update should be once in week,User will can upgrade system after every three month,Maintainability
User can update system automatically every week,User will get maintenance service after two months a week,Maintainability
Update size should be less than one hundred MB,User will get six update once a year,Maintainability
User have option to update manually every week,User will get their updated data on WCS system on daily basis,Maintainability
System version releases shall be released at the beginning of each NFL season,User will get update for new features two time in a year,Maintainability
System update version must be notified to user before update,User will get update of size less than five hundred MB,Maintainability
Update must come before start of NFL season,User will get update of size less than one GB,Maintainability
Version number should include time and date for new user,User will get update of size less than one hundred MB,Maintainability
user can check version number of any update before update,User will need no help from system staff for integration of system,Maintainability
system will update version number after every update,Version number should include time and date for new user,Maintainability
Version number should include time and date for new user,"'	     The product shall be internet browser independent.",Maintainability
User will need no help from system staff for integration of system,"'	     The WCS system must run queries to the WCS databases once again",Maintainability
User will get update of size less than one hundred MB,80% of end users are able to integrate new database management systems with the product without changing the product's software code,Maintainability
User will get update of size less than one GB,90% of maintenance software developers are able to integrate new functionality into the product with 2 working days,Maintainability
User will get update of size less than five hundred MB,"After every update, system will show user previous data log",Maintainability
User will get update for new features two time in a year,After update system performance must be increase,Maintainability
User will get their updated data on WCS system on daily basis,All changes  updates  and additions to the WCS system shall be updated in the WCS Developer and WCS User Guides,Maintainability
User will get six update once a year,another database can be used to update  the user data,Maintainability
User will get maintenance service after two months a week,Any database can be add be integrate without changing any product code,Maintainability
User will can upgrade system after every three month,Any type of database can be integrate with system,Maintainability
User using any type of database can use system,Application updates shall occur between 3AM and 6 AM CST on Wednesday morning during the middle of the NFL season,Maintainability
User need to use open source browser to get access of system,Browser should be internet explorer,Maintainability
User have option to update manually every week,Database can be easily integrate with system to run smoothly,Maintainability
User from everywhere can run system using online browser,Document of update must have size less than three MB,Maintainability
User data can be update easily by system automatically,Every browser will support user to access system,Maintainability
User can use system while system is being upgrade easily,Every change must be reflected in WCS system documentation,Maintainability
User can use system while system is being upgrade easily,Every system update must include update documentation,Maintainability
User can use product using different online browser,Every update will have no effect on user data,Maintainability
User can use more than ten online available browser to access system,Every user can use different browser to access system at same time,Maintainability
User can use any open browser to access system,Integration of data will not have any effect on user data,Maintainability
User can upgrade system without any help form staff,Integration of new map can be done without any help manual,Maintainability
User can upgrade system with affecting data,Integration of new maps with the product shall be possible with little to no support from product support staff.,Maintainability
User can upgrade system till level three,Integration process of new maps must be easy for every user,Maintainability
User can upgrade system once in year,It should be easy for user to extend the system online,Maintainability
User can upgrade system once a year,it will take user to install less than five minutes,Maintainability
User can upgrade system in less than eight hours,Maintenance releases will be offered to customers once a year.  The releases shall take no longer than 5 minutes for 80% of the customer base to install,Maintainability
User can update system without changing any system data,More than hundred user can access system using different browser,Maintainability
user can update system manually once a year,More than hundred user can use same browser to access system,Maintainability
User can update system manually,More than hundreds user can do integration with system one time,Maintainability
User can update system manually,New database will take less than two hours to integrate,Maintainability
User can update system every month online,New functionality can be added to system by staff will not have any effect on system,Maintainability
user can update system by using external database,New functionality will take less than a day to integrate,Maintainability
User can update system automatically every week,New resource can be add during work time user,Maintainability
User can update system automatically after every month,New resource can be add during work time user,Maintainability
User can update system after every two months,New user can integrate online without any help,Maintainability
User can update manual in system,on a specified day) to update the available data available to CCR users,Maintainability
User can update manual in system,Product can easily run with every database,Maintainability
User can update manual in system,Product can use any database to store user data,Maintainability
User can update data of CCR users data in database daily,Product extension must be easy without any changing in frontend and backend,Maintainability
User can update any data with one query,Product log should be check after every weekend to ensure system working,Maintainability
User can update any data using external database,Product should be update after at least 2 months,Maintainability
User can see all hiss data log after every update,Product upgrade shouldn't affect any user data,Maintainability
User can manually update system any update,Promotional updates to the website should take a day to update,Maintainability
User can integrate more than ten maps at one time,Queries must be made to external databases for data refresh once a week.,Maintainability
User can integrate more than ten map at same time,System automatically update after every Friday,Maintainability
user can integrate any data base with system,System can access using browser,Maintainability
User can install more than different technology at same time,System can be access using online browser by user,Maintainability
User can get update of system on Friday of every month,System can be automatically update once in a month,Maintainability
User can get new update after every six month,System can be easily upgrade in less than one day,Maintainability
user can get maintenance service once in a year,System can be extend by any user in less than seven days,Maintainability
User can find update online in update section of system,System can be extend without any changes in system,Maintainability
User can find new movies list every weekend,System can be run on any browser,Maintainability
User can find history after every update,System can be update data of user in database every week,Maintainability
User can extends system in less than seven steps,System can be update data of user in database using query less than of two lines,Maintainability
User can extend system any time without losing any data,System can be update once in month,Maintainability
User can easily use system while addition of new resource,System can be updates manually by user,Maintainability
User can easily use system while addition of new resource,System can be upgrade with new technology without any fault,Maintainability
User can easily update system manually,System can easily integrate with new map by user,Maintainability
User can easily see last movies added list on system after every update,system can get update automatically after one year,Maintainability
User can easily integrate with system for addition of maps,System can handle only hundred maps at one time,Maintainability
User can delete their previous data log manually,System can integrate more than two database at same time,Maintainability
user can check version number of any update before update,System can send report of system log to user directly,Maintainability
User can check manually system log for system checking,System can update user about system log every week,Maintainability
User can add third party integration without changes any module,System can use during upgrade time,Maintainability
Upgrading to system will not have effect on user usage,System can use during upgrade time,Maintainability
Upgrading to system will not have effect on user usage,System can use other technology to increase its productivity,Maintainability
Upgrade to system will not affect user data,System must be auto update after every week,Maintainability
Upgrade can be requested online from system administration,System must handle integration of new technologies,Maintainability
Updates  should be done once in week under guides of WCS developer,System must increase efficiency of system after update,Maintainability
Update size should be less than one hundred MB,System shall automatically update the main page of the website every Friday  and show the 4 latest movies that have been added to the website,Maintainability
Update should be once in week,System should add different security patches to system after every week,Maintainability
Update should be between mid night,System should be update using WCS user guides,Maintainability
Update must take less than eight hours to update,System should get update after every month,Maintainability
Update must come before start of NFL season,System should maintain all data log after every update,Maintainability
Update documents should be available before 2 week of update,System should not affect any user data after week,Maintainability
Update documentation must include information about new features,System start showing last movies added on every weekend,Maintainability
Update documentation must be provide before update,System update every night of day,Maintainability
There will be no change in system during upgrade,System update every weekend of week,Maintainability
There will be no change in module in any system after upgrade to system,System update improve usability of system,Maintainability
The product will use online browser to run,"System update must be focused on system efficiency, performance.",Maintainability
The product will have a new major feature introduced every six months and quarterly maintenance releases every six months,System update must be less than two GB,Maintainability
The product should be easily to extends without any changes into any module,System update must take at least six hours to install,Maintainability
The product shall operate with every platform. The product shall accommodate any new technology without any change in its architecture,System update version must be notified to user before update,Maintainability
The product shall continue to operate during upgrade change or new resource addition.,System upgrade should not have any effect on any user content,Maintainability
The product shall be updated on a regular basis.,System upgrade should not take less than one day,Maintainability
The product shall be internet browser independent. The product must run using Internet Explorer and Netscape Navigator.,System upgrading takes less than 2 hours to update,Maintainability
The product shall be able to continue to operate with no interruption in service due to new resource additions,System version releases shall be released at the beginning of each NFL season,Maintainability
The product must run using Internet Explorer and Netscape Navigator,System will add different security patches in every update,Maintainability
The product must be highly configurable for use with various database management systems for the end users.,System will add security patches every week,Maintainability
The customer shall be able to easily integrate new building maps with the product throughout the product's lifecycle.,System will automatically save user data log on user system,Maintainability
system will update version number after every update,System will be automatically update after every six month,Maintainability
System will update about log for system checking,System will be automatically update at every night,Maintainability
System will take less than day to integrate,System will be free to get access by any browser,Maintainability
System will provide maintenance service after every year,System will be updated after every three hours,Maintainability
System will not affect any of user data after upgrade of system,System will get update by external database once in week,Maintainability
System will need staff members to integrate system,System will have data log stored offline for user,Maintainability
System will have data log stored offline for user,System will need staff members to integrate system,Maintainability
System will get update by external database once in week,System will not affect any of user data after upgrade of system,Maintainability
System will be updated after every three hours,System will provide maintenance service after every year,Maintainability
System will be free to get access by any browser,System will take less than day to integrate,Maintainability
System will be automatically update at every night,System will update about log for system checking,Maintainability
System will be automatically update after every six month,system will update version number after every update,Maintainability
System will automatically save user data log on user system,The customer shall be able to easily integrate new building maps with the product throughout the product's lifecycle.,Maintainability
System will add security patches every week,The product must be highly configurable for use with various database management systems for the end users.,Maintainability
System will add different security patches in every update,The product must run using Internet Explorer and Netscape Navigator,Maintainability
System version releases shall be released at the beginning of each NFL season,The product shall be able to continue to operate with no interruption in service due to new resource additions,Maintainability
System upgrading takes less than 2 hours to update,The product shall be internet browser independent. The product must run using Internet Explorer and Netscape Navigator.,Maintainability
System upgrade should not take less than one day,The product shall be updated on a regular basis.,Maintainability
System upgrade should not have any effect on any user content,The product shall continue to operate during upgrade change or new resource addition.,Maintainability
System update version must be notified to user before update,The product shall operate with every platform. The product shall accommodate any new technology without any change in its architecture,Maintainability
System update must take at least six hours to install,The product should be easily to extends without any changes into any module,Maintainability
System update must be less than two GB,The product will have a new major feature introduced every six months and quarterly maintenance releases every six months,Maintainability
"System update must be focused on system efficiency, performance.",The product will use online browser to run,Maintainability
System update improve usability of system,There will be no change in module in any system after upgrade to system,Maintainability
System update every weekend of week,There will be no change in system during upgrade,Maintainability
System update every night of day,Update documentation must be provide before update,Maintainability
System start showing last movies added on every weekend,Update documentation must include information about new features,Maintainability
System should not affect any user data after week,Update documents should be available before 2 week of update,Maintainability
System should maintain all data log after every update,Update must come before start of NFL season,Maintainability
System should get update after every month,Update must take less than eight hours to update,Maintainability
System should be update using WCS user guides,Update should be between mid night,Maintainability
System should add different security patches to system after every week,Update should be once in week,Maintainability
System shall automatically update the main page of the website every Friday  and show the 4 latest movies that have been added to the website,Update size should be less than one hundred MB,Maintainability
System must increase efficiency of system after update,Updates  should be done once in week under guides of WCS developer,Maintainability
System must handle integration of new technologies,Upgrade can be requested online from system administration,Maintainability
System must be auto update after every week,Upgrade to system will not affect user data,Maintainability
System can use other technology to increase its productivity,Upgrading to system will not have effect on user usage,Maintainability
System can use during upgrade time,Upgrading to system will not have effect on user usage,Maintainability
System can use during upgrade time,User can add third party integration without changes any module,Maintainability
System can update user about system log every week,User can check manually system log for system checking,Maintainability
System can send report of system log to user directly,user can check version number of any update before update,Maintainability
System can integrate more than two database at same time,User can delete their previous data log manually,Maintainability
System can handle only hundred maps at one time,User can easily integrate with system for addition of maps,Maintainability
system can get update automatically after one year,User can easily see last movies added list on system after every update,Maintainability
System can easily integrate with new map by user,User can easily update system manually,Maintainability
System can be upgrade with new technology without any fault,User can easily use system while addition of new resource,Maintainability
System can be updates manually by user,User can easily use system while addition of new resource,Maintainability
System can be update once in month,User can extend system any time without losing any data,Maintainability
System can be update data of user in database using query less than of two lines,User can extends system in less than seven steps,Maintainability
System can be update data of user in database every week,User can find history after every update,Maintainability
System can be run on any browser,User can find new movies list every weekend,Maintainability
System can be extend without any changes in system,User can find update online in update section of system,Maintainability
System can be extend by any user in less than seven days,user can get maintenance service once in a year,Maintainability
System can be easily upgrade in less than one day,User can get new update after every six month,Maintainability
System can be automatically update once in a month,User can get update of system on Friday of every month,Maintainability
System can be access using online browser by user,User can install more than different technology at same time,Maintainability
System can access using browser,user can integrate any data base with system,Maintainability
System automatically update after every Friday,User can integrate more than ten map at same time,Maintainability
Queries must be made to external databases for data refresh once a week.,User can integrate more than ten maps at one time,Maintainability
Promotional updates to the website should take a day to update,User can manually update system any update,Maintainability
Product upgrade shouldn't affect any user data,User can see all hiss data log after every update,Maintainability
Product should be update after at least 2 months,User can update any data using external database,Maintainability
Product log should be check after every weekend to ensure system working,User can update any data with one query,Maintainability
Product extension must be easy without any changing in frontend and backend,User can update data of CCR users data in database daily,Maintainability
Product can use any database to store user data,User can update manual in system,Maintainability
Product can easily run with every database,User can update manual in system,Maintainability
on a specified day) to update the available data available to CCR users,User can update manual in system,Maintainability
New user can integrate online without any help,User can update system after every two months,Maintainability
New resource can be add during work time user,User can update system automatically after every month,Maintainability
New resource can be add during work time user,User can update system automatically every week,Maintainability
New functionality will take less than a day to integrate,user can update system by using external database,Maintainability
New functionality can be added to system by staff will not have any effect on system,User can update system every month online,Maintainability
New database will take less than two hours to integrate,User can update system manually,Maintainability
More than hundreds user can do integration with system one time,User can update system manually,Maintainability
More than hundred user can use same browser to access system,user can update system manually once a year,Maintainability
More than hundred user can access system using different browser,User can update system without changing any system data,Maintainability
Maintenance releases will be offered to customers once a year.  The releases shall take no longer than 5 minutes for 80% of the customer base to install,User can upgrade system in less than eight hours,Maintainability
it will take user to install less than five minutes,User can upgrade system once a year,Maintainability
It should be easy for user to extend the system online,User can upgrade system once in year,Maintainability
Integration process of new maps must be easy for every user,User can upgrade system till level three,Maintainability
Integration of new maps with the product shall be possible with little to no support from product support staff.,User can upgrade system with affecting data,Maintainability
Integration of new map can be done without any help manual,User can upgrade system without any help form staff,Maintainability
Integration of data will not have any effect on user data,User can use any open browser to access system,Maintainability
Every user can use different browser to access system at same time,User can use more than ten online available browser to access system,Maintainability
Every update will have no effect on user data,User can use product using different online browser,Maintainability
Every system update must include update documentation,User can use system while system is being upgrade easily,Maintainability
Every change must be reflected in WCS system documentation,User can use system while system is being upgrade easily,Maintainability
Every browser will support user to access system,User data can be update easily by system automatically,Maintainability
Document of update must have size less than three MB,User from everywhere can run system using online browser,Maintainability
Database can be easily integrate with system to run smoothly,User have option to update manually every week,Maintainability
Browser should be internet explorer,User need to use open source browser to get access of system,Maintainability
Application updates shall occur between 3AM and 6 AM CST on Wednesday morning during the middle of the NFL season,User using any type of database can use system,Maintainability
Any type of database can be integrate with system,User will can upgrade system after every three month,Maintainability
Any database can be add be integrate without changing any product code,User will get maintenance service after two months a week,Maintainability
another database can be used to update  the user data,User will get six update once a year,Maintainability
All changes  updates  and additions to the WCS system shall be updated in the WCS Developer and WCS User Guides,User will get their updated data on WCS system on daily basis,Maintainability
After update system performance must be increase,User will get update for new features two time in a year,Maintainability
"After every update, system will show user previous data log",User will get update of size less than five hundred MB,Maintainability
90% of maintenance software developers are able to integrate new functionality into the product with 2 working days,User will get update of size less than one GB,Maintainability
80% of end users are able to integrate new database management systems with the product without changing the product's software code,User will get update of size less than one hundred MB,Maintainability
"'	     The WCS system must run queries to the WCS databases once again",User will need no help from system staff for integration of system,Maintainability
"'	     The product shall be internet browser independent.",Version number should include time and date for new user,Maintainability
