The product is expected to run on Windows CE and Palm operating systems.,98% of the user workstations shall meet the minimum hardware requirements prior to implementation,Portability
The product is independent of any platform,A database management system such as Oracle  DB2  MySql or HSQL will need to be integrated with the product,Portability
Window operating system will support the system to run easily,Any type of database can be integrate with system,Portability
System will run on different operating system,Browser can easily integrate with system to run smoothly,Portability
User can install product on different operating system,Changing hardware should not effect on any system,Portability
System can be run on more than three operating system,Database can be easily integrate with system to run smoothly,Portability
The system shall operate within the Windows XP Professional operating system,Different user can access product form same browser at same time,Portability
The system will run on windows operating system,Different user can watch same movie on same time from different places,Portability
User can easily install system on windows OS,Every browser will support user to access system,Portability
System will be available to use for user on their operating system,Integration of system should be easy for every user,Portability
Window operating system will automatically update system to run smoothly,"Interface of system will design for every new user, to help them use system easily",Portability
User can easily update system on windows operating system,Interface should be easily for user to help them to connect with campus,Portability
The system shall interface with CampusConnect's central server,It should be easy for system to connect with campus server,Portability
It should be easy for system to connect with campus server,It will be easy for user to connect system with any server,Portability
Interface should be easily for user to help them to connect with campus,Jave can be used to access system on operating system,Portability
System can be connect with different campus server,More than hundred Remote user can access system at same time using same browser,Portability
It will be easy for user to connect system with any server,More than hundred user can access system using different browser,Portability
"Interface of system will design for every new user, to help them use system easily",More than hundred user can use watch movie at same time,Portability
System components must have ability to work on different platforms,Movies shall be encoded and streamed via Windows Media Player 9.0,Portability
System can be easily integrate with other system,Online movies should be encoded for better result,Portability
System should handle more than five integration at same time,Online open remote server can be used to as system server,Portability
System can be install on different platform for better use,Operating system must have java in order to access system,Portability
User can use system on other platforms,Product can be access using browser by more than hundred user at same time,Portability
System can easily connect with other system other system,Product can easily run with every database,Portability
Movies shall be encoded and streamed via Windows Media Player 9.0,Product can use any database to store user data,Portability
Online movies should be encoded for better result,System can access using browser,Portability
User can watch movies using different media player,System can be access by user only till evening,Portability
More than hundred user can use watch movie at same time,System can be access using online browser by user,Portability
Different user can watch same movie on same time from different places,System can be connect with different campus server,Portability
User have access to different media player to watch movies online,System can be easily integrate with online browser,Portability
The product shall accommodate any new technology without any change in its architecture.,System can be easily integrate with other system,Portability
System can be upgrade with new technology without any fault,System can be install on different platform for better use,Portability
System must handle integration of new technologies,System can be run on any browser,Portability
User can add third party integration without changes any module,System can be run on different database at same time,Portability
User can install more than different technology at same time,System can be run on more than three operating system,Portability
System can use other technology to increase its productivity,System can be run using two database at same time],Portability
We must be able to interface with any HTML browser.,System can be test on different browser by user any time,Portability
System can easily support HTML browser,System can be upgrade with new technology without any fault,Portability
System can run on online any browser,System can be used using different simple browser,Portability
User can use any simple browser to run system,System can easily connect with other system other system,Portability
System can be used using different simple browser,System can easily integrate to other database at same time without losing any data,Portability
Browser can easily integrate with system to run smoothly,System can easily support HTML browser,Portability
The product must work with almost every database available in market.,System can run on online any browser,Portability
Product can easily run with every database,System can use any online open server to give access to remote user,Portability
Any type of database can be integrate with system,System can use other technology to increase its productivity,Portability
User using any type of database can use system,System components must have ability to work on different platforms,Portability
Database can be easily integrate with system to run smoothly,System must handle integration of new technologies,Portability
Product can use any database to store user data,System should display all data to user in browser,Portability
The product will function alongside server software on any operating system where the Java runtime can be installed,System should handle more than five integration at same time,Portability
User can access system from any operating system that have java,System should support hardware upgrade by user,Portability
Jave can be used to access system on operating system,System will be available to use for user on their operating system,Portability
Operating system must have java in order to access system,System will be available to user from early morning till evening,Portability
System will need java installation on operating system to run easily,System will be free to get access by any browser,Portability
User will need to install java to access system online,System will be using online web server to giver access to user,Portability
The product will require collaboration with a database management system (DBMS).  The DBMS may be located on the same machine as the product or on a separate machine residing on the same computer network,System will need java installation on operating system to run easily,Portability
The system can store its data on same machine of user,System will run on different operating system,Portability
User data will be store on same operating system while using system,System will stored data on user machine till user use system,Portability
User can save their system on other system also,System will support more than twenty browser for access,Portability
User can access system online and can save data on their operating system,The product can be run on  different type of database,Portability
System will stored data on user machine till user use system,The product can easily run every browser,Portability
The product must make use of web/application server technology.  Open source examples include Apache web server Tomcat and the JBoss application server.,The product is expected to integrate with multiple database management systems.,Portability
System will be using online web server to giver access to user,The product is expected to run on Windows CE and Palm operating systems.,Portability
User from different places can get access on system using web server,The product is independent of any platform,Portability
System can use any online open server to give access to remote user,The product must make use of web/application server technology.  Open source examples include Apache web server Tomcat and the JBoss application server.,Portability
User can access system online by using remote server,The product must run using Internet Explorer and Netscape Navigator,Portability
Online open remote server can be used to as system server,The product must work with almost every database available in market.,Portability
The product shall be internet browser independent,The product shall accommodate any new technology without any change in its architecture.,Portability
System can be run on any browser,The product shall be internet browser independent,Portability
Every browser will support user to access system,The product shall be internet browser independent,Portability
User can use any open browser to access system,The product shall be used in office environments,Portability
System can access using browser,The product shall display HTML properly in 80% of all HTML browsers tested (minimum is to test 8 browsers).,Portability
System will be free to get access by any browser,The product should display every data on web browser,Portability
The product must run using Internet Explorer and Netscape Navigator,The product will function alongside server software on any operating system where the Java runtime can be installed,Portability
The product will use online browser to run,The product will require collaboration with a database management system (DBMS).  The DBMS may be located on the same machine as the product or on a separate machine residing on the same computer network,Portability
User from everywhere can run system using online browser,The product will use online browser to run,Portability
More than hundred user can access system using different browser,The same hardware supporting the current website will be used to support the new system.,Portability
User need to use open source browser to get access of system,The system can store its data on same machine of user,Portability
System can be access using online browser by user,The system shall interface with CampusConnect's central server,Portability
The product shall be internet browser independent,The system shall operate within the Windows XP Professional operating system,Portability
The product can easily run every browser,The system will run on windows operating system,Portability
User can use any browser to access system,There are more than three database available to integrate  with  system,Portability
System will support more than twenty browser for access,User can access system at time till evening whole week,Portability
Product can be access using browser by more than hundred user at same time,User can access system from any operating system that have java,Portability
Different user can access product form same browser at same time,User can access system online and can save data on their operating system,Portability
A database management system such as Oracle  DB2  MySql or HSQL will need to be integrated with the product,User can access system online by using remote server,Portability
User can integrate supported database with any time,User can add third party integration without changes any module,Portability
There are more than three database available to integrate  with  system,User can easily install system on windows OS,Portability
User can integrate system manually to store their offline,User can easily integrate new hardware with system without changing in system,Portability
User can select more than two database to work with system,User can easily integrate with new browser with any data loss,Portability
System can be run using two database at same time],User can easily update system on windows operating system,Portability
The product shall be used in office environments,User can easy change their hardware for system,Portability
User can only use product in day time till evening,User can install more than different technology at same time,Portability
System can be access by user only till evening,User can install product on different operating system,Portability
User use system from Monday till Saturday in office time,User can integrate supported database with any time,Portability
User can access system at time till evening whole week,User can integrate system manually to store their offline,Portability
System will be available to user from early morning till evening,User can integrated browser to access system at any time,Portability
The product shall display HTML properly in 80% of all HTML browsers tested (minimum is to test 8 browsers).,User can only access system by meeting requirements,Portability
The product should display every data on web browser,User can only use product in day time till evening,Portability
User can test their browser to check if system run or not,User can save their system on other system also,Portability
System can be test on different browser by user any time,User can select more than two database to work with system,Portability
User can use any open source browser to check system display,User can test their browser to check if system run or not,Portability
System should display all data to user in browser,User can update their data using any database on system,Portability
The product is expected to integrate with multiple database management systems.,User can use any browser to access system,Portability
The product can be run on  different type of database,User can use any open browser to access system,Portability
User can use any type of database to save data online,User can use any open source browser to check system display,Portability
User can update their data using any database on system,User can use any simple browser to run system,Portability
System can easily integrate to other database at same time without losing any data,User can use any type of database to save data online,Portability
System can be run on different database at same time,User can use online browser to access system,Portability
The same hardware supporting the current website will be used to support the new system.,User can use system on other platforms,Portability
Integration of system should be easy for every user,User can watch movies using different media player,Portability
User can easy change their hardware for system,User data will be store on same operating system while using system,Portability
Changing hardware should not effect on any system,User from different places can get access on system using web server,Portability
System should support hardware upgrade by user,User from everywhere can run system using online browser,Portability
User can easily integrate new hardware with system without changing in system,User have access to different media player to watch movies online,Portability
We must be able to interface with the following browsers: IE 5.X  6.0  Netscape 6.x  7.x  8.x and Firefox,User need to cover minimum requirement to access system,Portability
User can easily integrate with new browser with any data loss,User need to use open source browser to get access of system,Portability
System can be easily integrate with online browser,User use system from Monday till Saturday in office time,Portability
User can use online browser to access system,User using any type of database can use system,Portability
More than hundred Remote user can access system at same time using same browser,User will need to install java to access system online,Portability
User can integrated browser to access system at any time,User will need to meet requirement in order to use system,Portability
98% of the user workstations shall meet the minimum hardware requirements prior to implementation,We must be able to interface with any HTML browser.,Portability
User will need to meet requirement in order to use system,We must be able to interface with the following browsers: IE 5.X  6.0  Netscape 6.x  7.x  8.x and Firefox,Portability
User can only access system by meeting requirements,Window operating system will automatically update system to run smoothly,Portability
User need to cover minimum requirement to access system,Window operating system will support the system to run easily,Portability
Window operating system will support the system to run easily,98% of the user workstations shall meet the minimum hardware requirements prior to implementation,Portability
Window operating system will automatically update system to run smoothly,A database management system such as Oracle  DB2  MySql or HSQL will need to be integrated with the product,Portability
We must be able to interface with the following browsers: IE 5.X  6.0  Netscape 6.x  7.x  8.x and Firefox,Any type of database can be integrate with system,Portability
We must be able to interface with any HTML browser.,Browser can easily integrate with system to run smoothly,Portability
User will need to meet requirement in order to use system,Changing hardware should not effect on any system,Portability
User will need to install java to access system online,Database can be easily integrate with system to run smoothly,Portability
User using any type of database can use system,Different user can access product form same browser at same time,Portability
User use system from Monday till Saturday in office time,Different user can watch same movie on same time from different places,Portability
User need to use open source browser to get access of system,Every browser will support user to access system,Portability
User need to cover minimum requirement to access system,Integration of system should be easy for every user,Portability
User have access to different media player to watch movies online,"Interface of system will design for every new user, to help them use system easily",Portability
User from everywhere can run system using online browser,Interface should be easily for user to help them to connect with campus,Portability
User from different places can get access on system using web server,It should be easy for system to connect with campus server,Portability
User data will be store on same operating system while using system,It will be easy for user to connect system with any server,Portability
User can watch movies using different media player,Jave can be used to access system on operating system,Portability
User can use system on other platforms,More than hundred Remote user can access system at same time using same browser,Portability
User can use online browser to access system,More than hundred user can access system using different browser,Portability
User can use any type of database to save data online,More than hundred user can use watch movie at same time,Portability
User can use any simple browser to run system,Movies shall be encoded and streamed via Windows Media Player 9.0,Portability
User can use any open source browser to check system display,Online movies should be encoded for better result,Portability
User can use any open browser to access system,Online open remote server can be used to as system server,Portability
User can use any browser to access system,Operating system must have java in order to access system,Portability
User can update their data using any database on system,Product can be access using browser by more than hundred user at same time,Portability
User can test their browser to check if system run or not,Product can easily run with every database,Portability
User can select more than two database to work with system,Product can use any database to store user data,Portability
User can save their system on other system also,System can access using browser,Portability
User can only use product in day time till evening,System can be access by user only till evening,Portability
User can only access system by meeting requirements,System can be access using online browser by user,Portability
User can integrated browser to access system at any time,System can be connect with different campus server,Portability
User can integrate system manually to store their offline,System can be easily integrate with online browser,Portability
User can integrate supported database with any time,System can be easily integrate with other system,Portability
User can install product on different operating system,System can be install on different platform for better use,Portability
User can install more than different technology at same time,System can be run on any browser,Portability
User can easy change their hardware for system,System can be run on different database at same time,Portability
User can easily update system on windows operating system,System can be run on more than three operating system,Portability
User can easily integrate with new browser with any data loss,System can be run using two database at same time],Portability
User can easily integrate new hardware with system without changing in system,System can be test on different browser by user any time,Portability
User can easily install system on windows OS,System can be upgrade with new technology without any fault,Portability
User can add third party integration without changes any module,System can be used using different simple browser,Portability
User can access system online by using remote server,System can easily connect with other system other system,Portability
User can access system online and can save data on their operating system,System can easily integrate to other database at same time without losing any data,Portability
User can access system from any operating system that have java,System can easily support HTML browser,Portability
User can access system at time till evening whole week,System can run on online any browser,Portability
There are more than three database available to integrate  with  system,System can use any online open server to give access to remote user,Portability
The system will run on windows operating system,System can use other technology to increase its productivity,Portability
The system shall operate within the Windows XP Professional operating system,System components must have ability to work on different platforms,Portability
The system shall interface with CampusConnect's central server,System must handle integration of new technologies,Portability
The system can store its data on same machine of user,System should display all data to user in browser,Portability
The same hardware supporting the current website will be used to support the new system.,System should handle more than five integration at same time,Portability
The product will use online browser to run,System should support hardware upgrade by user,Portability
The product will require collaboration with a database management system (DBMS).  The DBMS may be located on the same machine as the product or on a separate machine residing on the same computer network,System will be available to use for user on their operating system,Portability
The product will function alongside server software on any operating system where the Java runtime can be installed,System will be available to user from early morning till evening,Portability
The product should display every data on web browser,System will be free to get access by any browser,Portability
The product shall display HTML properly in 80% of all HTML browsers tested (minimum is to test 8 browsers).,System will be using online web server to giver access to user,Portability
The product shall be used in office environments,System will need java installation on operating system to run easily,Portability
The product shall be internet browser independent,System will run on different operating system,Portability
The product shall be internet browser independent,System will stored data on user machine till user use system,Portability
The product shall accommodate any new technology without any change in its architecture.,System will support more than twenty browser for access,Portability
The product must work with almost every database available in market.,The product can be run on  different type of database,Portability
The product must run using Internet Explorer and Netscape Navigator,The product can easily run every browser,Portability
The product must make use of web/application server technology.  Open source examples include Apache web server Tomcat and the JBoss application server.,The product is expected to integrate with multiple database management systems.,Portability
The product is independent of any platform,The product is expected to run on Windows CE and Palm operating systems.,Portability
The product is expected to run on Windows CE and Palm operating systems.,The product is independent of any platform,Portability
The product is expected to integrate with multiple database management systems.,The product must make use of web/application server technology.  Open source examples include Apache web server Tomcat and the JBoss application server.,Portability
The product can easily run every browser,The product must run using Internet Explorer and Netscape Navigator,Portability
The product can be run on  different type of database,The product must work with almost every database available in market.,Portability
System will support more than twenty browser for access,The product shall accommodate any new technology without any change in its architecture.,Portability
System will stored data on user machine till user use system,The product shall be internet browser independent,Portability
System will run on different operating system,The product shall be internet browser independent,Portability
System will need java installation on operating system to run easily,The product shall be used in office environments,Portability
System will be using online web server to giver access to user,The product shall display HTML properly in 80% of all HTML browsers tested (minimum is to test 8 browsers).,Portability
System will be free to get access by any browser,The product should display every data on web browser,Portability
System will be available to user from early morning till evening,The product will function alongside server software on any operating system where the Java runtime can be installed,Portability
System will be available to use for user on their operating system,The product will require collaboration with a database management system (DBMS).  The DBMS may be located on the same machine as the product or on a separate machine residing on the same computer network,Portability
System should support hardware upgrade by user,The product will use online browser to run,Portability
System should handle more than five integration at same time,The same hardware supporting the current website will be used to support the new system.,Portability
System should display all data to user in browser,The system can store its data on same machine of user,Portability
System must handle integration of new technologies,The system shall interface with CampusConnect's central server,Portability
System components must have ability to work on different platforms,The system shall operate within the Windows XP Professional operating system,Portability
System can use other technology to increase its productivity,The system will run on windows operating system,Portability
System can use any online open server to give access to remote user,There are more than three database available to integrate  with  system,Portability
System can run on online any browser,User can access system at time till evening whole week,Portability
System can easily support HTML browser,User can access system from any operating system that have java,Portability
System can easily integrate to other database at same time without losing any data,User can access system online and can save data on their operating system,Portability
System can easily connect with other system other system,User can access system online by using remote server,Portability
System can be used using different simple browser,User can add third party integration without changes any module,Portability
System can be upgrade with new technology without any fault,User can easily install system on windows OS,Portability
System can be test on different browser by user any time,User can easily integrate new hardware with system without changing in system,Portability
System can be run using two database at same time],User can easily integrate with new browser with any data loss,Portability
System can be run on more than three operating system,User can easily update system on windows operating system,Portability
System can be run on different database at same time,User can easy change their hardware for system,Portability
System can be run on any browser,User can install more than different technology at same time,Portability
System can be install on different platform for better use,User can install product on different operating system,Portability
System can be easily integrate with other system,User can integrate supported database with any time,Portability
System can be easily integrate with online browser,User can integrate system manually to store their offline,Portability
System can be connect with different campus server,User can integrated browser to access system at any time,Portability
System can be access using online browser by user,User can only access system by meeting requirements,Portability
System can be access by user only till evening,User can only use product in day time till evening,Portability
System can access using browser,User can save their system on other system also,Portability
Product can use any database to store user data,User can select more than two database to work with system,Portability
Product can easily run with every database,User can test their browser to check if system run or not,Portability
Product can be access using browser by more than hundred user at same time,User can update their data using any database on system,Portability
Operating system must have java in order to access system,User can use any browser to access system,Portability
Online open remote server can be used to as system server,User can use any open browser to access system,Portability
Online movies should be encoded for better result,User can use any open source browser to check system display,Portability
Movies shall be encoded and streamed via Windows Media Player 9.0,User can use any simple browser to run system,Portability
More than hundred user can use watch movie at same time,User can use any type of database to save data online,Portability
More than hundred user can access system using different browser,User can use online browser to access system,Portability
More than hundred Remote user can access system at same time using same browser,User can use system on other platforms,Portability
Jave can be used to access system on operating system,User can watch movies using different media player,Portability
It will be easy for user to connect system with any server,User data will be store on same operating system while using system,Portability
It should be easy for system to connect with campus server,User from different places can get access on system using web server,Portability
Interface should be easily for user to help them to connect with campus,User from everywhere can run system using online browser,Portability
"Interface of system will design for every new user, to help them use system easily",User have access to different media player to watch movies online,Portability
Integration of system should be easy for every user,User need to cover minimum requirement to access system,Portability
Every browser will support user to access system,User need to use open source browser to get access of system,Portability
Different user can watch same movie on same time from different places,User use system from Monday till Saturday in office time,Portability
Different user can access product form same browser at same time,User using any type of database can use system,Portability
Database can be easily integrate with system to run smoothly,User will need to install java to access system online,Portability
Changing hardware should not effect on any system,User will need to meet requirement in order to use system,Portability
Browser can easily integrate with system to run smoothly,We must be able to interface with any HTML browser.,Portability
Any type of database can be integrate with system,We must be able to interface with the following browsers: IE 5.X  6.0  Netscape 6.x  7.x  8.x and Firefox,Portability
A database management system such as Oracle  DB2  MySql or HSQL will need to be integrated with the product,Window operating system will automatically update system to run smoothly,Portability
98% of the user workstations shall meet the minimum hardware requirements prior to implementation,Window operating system will support the system to run easily,Portability
