The product shall provide Dynamic Change Support and Transparent resource addition.,100% of saved user preferences shall be restored when system comes back online.,Reliability
This system can easily integrate new resources,Auto recovery can be used whenever system face with failure,Reliability
The product can easily handle any changes,Defect reports can be check in system,Reliability
System can handle all new integration request easily,Defect reports will be available to technical units on a 24x7 basis,Reliability
User can easily install different third party resources with system easily,Different user can access system in day time for at least five days of week,Reliability
User can upgrade system any time with addition of new resources,Different user more than one hundred can do more than hundreds transaction at one time,Reliability
The product shall be available 99% of the time.,Interface of system will be user friendly,Reliability
The user can easily access system at any time,Less internet speed is required for connection with system,Reliability
System will be available for user from day to late night time,More than hundred user can access at day time easily,Reliability
User can access system easily seven days a week,More than hundred user can access different games at same time,Reliability
User can use system every time simultaneously,More than one hundred user can access system any time at same time,Reliability
More than one hundred user can access system any time at same time,More than one user can do online streaming from system,Reliability
The product shall be available 99.99% of the time for regular business days.,Online streaming can be done by different user at same time using time,Reliability
The product should be available for user in at least five days a week,Payment method will have no effect on the system,Reliability
User can easily access system in whole week,Product can be access seven days a week,Reliability
Different user can access system in day time for at least five days of week,Product can be maintain for more than two year in low budget,Reliability
User can use system for whole day,Product can be used by user to do transaction at any time,Reliability
System can be easily accessible from Monday to Friday,Product can do more than thousands transaction in week,Reliability
The product shall have fault avoidance based on standards adoption,Product can easily access by user throughout the week,Reliability
The product should be able to handle all changes without any fault,Product can easily be integrate with other resource,Reliability
Product can easily be integrate with other resource,Product can easily handle more than ten thousands request at one time,Reliability
The product should be fault free when any changes comes,Product can handle different types of games request at one time,Reliability
There should be no fault while additions to system,Product can handle more than five hundred user at one time,Reliability
The product should have no fault while integration to new system,Product can have more than hundred games saved for online users,Reliability
The product shall have fault tolerance by using recovery technique compensatory transaction and routing around failures.,Product failure should be handle with recovery technique,Reliability
Product should have recovery mode when interact with any fault,Product have capability of handling more than hundreds games at one time,Reliability
Recovery technique should be install with product,Product need low money to maintain,Reliability
The product should have auto recovery program,Product should have recovery mode when interact with any fault,Reliability
Product failure should be handle with recovery technique,Product will need maintained about after two years,Reliability
Auto recovery can be used whenever system face with failure,Recovery technique should be install with product,Reliability
The product shall be able to process all transactions.,Server can handle more than thousand user request at one time,Reliability
User can easily do all type of transaction using system,Server must allow more than thousand user at one time for smooth operation flow,Reliability
User can do more than one hundred transaction at one time,Streaming server will have no effect on the system,Reliability
System can handle more than thousand request from user,System allow user to check their search result of appointment,Reliability
Product can be used by user to do transaction at any time,System can be access by user for whole week,Reliability
Different user more than one hundred can do more than hundreds transaction at one time,System can be access online from any where,Reliability
The product shall process minimum of 1 million transactions per year.,System can be easily accessible from Monday to Friday,Reliability
User can do more than thousand transaction per day,System can be easy to use for user because of user-friendly colour scheme,Reliability
Product can easily handle more than ten thousands request at one time,System can easily handle more than six hundred movies,Reliability
Product can do more than thousands transaction in week,System can easily work with more than three server at same time,Reliability
Product can handle more than five hundred user at one time,System can handle all new integration request easily,Reliability
System can process more than hundred request at one time,System can handle any error using auto recovery system,Reliability
The available server must be reliable and the network connectivity in the supermarket should be proper for smooth flow of all operations and data.,system can handle more ten user request at one time,Reliability
Server can handle more than thousand user request at one time,System can handle more than hundreds requests at one time,Reliability
Less internet speed is required for connection with system,system can handle more than one hundreds user request at one time,Reliability
User need less than 100kbps speed to connect with system,System can handle more than thousand request from user,Reliability
System use less internet to do all kind of transaction,System can process more than hundred request at one time,Reliability
Server must allow more than thousand user at one time for smooth operation flow,System can support more than hundred user to stream,Reliability
The product shall be expected to operate within the maximum maintenance budget for a minimum of 2 years,System have capability to run even any of module is not working,Reliability
The product can be maintain in very low budget,System interface will be design for every type of user,Reliability
User need no high budget to maintain their system,System must handle every type of error,Reliability
Product can be maintain for more than two year in low budget,System must have install error handling technique to avoid system crash,Reliability
Product will need maintained about after two years,System only need internet connection when ever any important action is required,Reliability
Product need low money to maintain,System response in game will not more than one seconds,Reliability
Defect reports will be available to technical units on a 24x7 basis,System should not crash if any error happens,Reliability
Technical units can be easily check after very eight hours,System use less internet to do all kind of transaction,Reliability
System will print all error report every weekend,System will allow more then thousand user to stream at same time,Reliability
User can print complete system report at any time,System will allow user to see all history of last month,Reliability
Defect reports can be check in system,System will auto save data of every user,Reliability
Technical unit can print more than one hundred reports at one time,System will be available for user complete week in first six month,Reliability
The product shall be available 24 hours per day seven days per week,System will be available for user from day to late night time,Reliability
User can access system from early morning to late night,System will be available to every user during day time till late night,Reliability
System can be access by user for whole week,System will be continuously updating different request and generating response for user,Reliability
User can use system at time of day and night,system will be working without internet,Reliability
Product can easily access by user throughout the week,system will not get effect if payment gateway is not working,Reliability
Product can be access seven days a week,system will not get effect if streaming server is not working,Reliability
The product shall able to handle a large number of games simultaneously,System will print all error report every weekend,Reliability
User can easily access to different games at one time,System will response to every request done by user in not more than three seconds,Reliability
Product can handle different types of games request at one time,System will update user about any error frequently,Reliability
Product have capability of handling more than hundreds games at one time,System will update user during any game,Reliability
More than hundred user can access different games at same time,System will use standard fonts and colour for different function and menus,Reliability
Product can have more than hundred games saved for online users,Technical unit can print more than one hundred reports at one time,Reliability
The product shall be able to handle a large number of request at one time,Technical units can be easily check after very eight hours,Reliability
System can handle more than hundreds requests at one time,The available server must be reliable and the network connectivity in the supermarket should be proper for smooth flow of all operations and data.,Reliability
User can access system at any time,The product can be maintain in very low budget,Reliability
system can handle more than one hundreds user request at one time,The product can easily handle any changes,Reliability
user can do different task at same time on system,The product shall able to handle a large number of games simultaneously,Reliability
system can handle more ten user request at one time,The product shall allow the user to view previously downloaded search results CMA reports and appointment,Reliability
The response time shall be fast enough to maintain the flow of the game.,The product shall be able to handle a large number of request at one time,Reliability
User must get response by system in less than two seconds,The product shall be able to process all transactions.,Reliability
System will update user about any error frequently,The product shall be able to support multiple remote users,Reliability
System response in game will not more than one seconds,The product shall be available 24 hours per day seven days per week,Reliability
System will update user during any game,The product shall be available 99% of the time.,Reliability
User will get feedback from system continuously by system,The product shall be available 99.99% of the time for regular business days.,Reliability
The response time shall be no more than 2 seconds for 95% of responses and no more than 4% for the remaining responses.,The product shall be available during normal business hours. As long as the user has access to the client PC the system will be available 99% of the time during the first six months of operation,Reliability
System will be continuously updating different request and generating response for user,The product shall be expected to operate within the maximum maintenance budget for a minimum of 2 years,Reliability
User will get response from system is less than one seconds,The product shall have a consistent colour scheme and fonts.,Reliability
User will get notified about error or any fault in less than seconds,The product shall have fault avoidance based on standards adoption,Reliability
System will response to every request done by user in not more than three seconds,The product shall have fault tolerance by using recovery technique compensatory transaction and routing around failures.,Reliability
User will be get update about transaction in less than three seconds,The product shall operate in offline mode whenever internet connection is unavailable,Reliability
The website shall continue to operate if the streaming server goes down.,The product shall process minimum of 1 million transactions per year.,Reliability
System have capability to run even any of module is not working,The product shall provide Dynamic Change Support and Transparent resource addition.,Reliability
User can use system for if streaming is not working at time,The product should be able to handle all changes without any fault,Reliability
Streaming server will have no effect on the system,The product should be available for user in at least five days a week,Reliability
user can use system if streaming server is not working,The product should be fault free when any changes comes,Reliability
system will not get effect if streaming server is not working,The product should have auto recovery program,Reliability
The streaming server will support a maximum of 700 movies; new servers can be added to support more movie,The product should have no fault while integration to new system,Reliability
System can easily handle more than six hundred movies,The response time shall be fast enough to maintain the flow of the game.,Reliability
User can integrate more server to support more movies,The response time shall be no more than 2 seconds for 95% of responses and no more than 4% for the remaining responses.,Reliability
User can stream more than one hundred movies at same time,The steaming server should support 1000 plus user to stream,Reliability
System can easily work with more than three server at same time,The streaming server will support a maximum of 700 movies; new servers can be added to support more movie,Reliability
More than one user can do online streaming from system,The user can easily access system at any time,Reliability
The steaming server should support 1000 plus user to stream,The website shall continue to operate if the payment gateway goes down.,Reliability
System can support more than hundred user to stream,The website shall continue to operate if the streaming server goes down.,Reliability
User can do streaming online for more than six hours,There should be no fault while additions to system,Reliability
System will allow more then thousand user to stream at same time,This system can easily integrate new resources,Reliability
Online streaming can be done by different user at same time using time,User can access system at any time,Reliability
The product shall be available during normal business hours. As long as the user has access to the client PC the system will be available 99% of the time during the first six months of operation,User can access system easily seven days a week,Reliability
User can easily access system six days of week,User can access system from different places at same time,Reliability
System will be available for user complete week in first six month,User can access system from early morning to late night,Reliability
User can use system during day time,User can check their previous reports of less than seven days,Reliability
More than hundred user can access at day time easily,User can check their previous reports printed on system,Reliability
System will be available to every user during day time till late night,User can do any type of with system crash,Reliability
The product shall have a consistent colour scheme and fonts.,user can do different task at same time on system,Reliability
System interface will be design for every type of user,User can do more than one hundred transaction at one time,Reliability
Interface of system will be user friendly,User can do more than thousand transaction per day,Reliability
System will use standard fonts and colour for different function and menus,User can do streaming online for more than six hours,Reliability
User can understand system more by using universal user friendly fonts,User can easily access system in whole week,Reliability
System can be easy to use for user because of user-friendly colour scheme,User can easily access system six days of week,Reliability
System should not crash if any error happens,User can easily access to different games at one time,Reliability
System must handle every type of error,User can easily do all type of transaction using system,Reliability
User can do any type of with system crash,User can easily install different third party resources with system easily,Reliability
System can handle any error using auto recovery system,User can easily use system if any module of system is not working,Reliability
User can use system without any error,User can easily view their history,Reliability
System must have install error handling technique to avoid system crash,User can get their data back when they get online again,Reliability
The product shall operate in offline mode whenever internet connection is unavailable,User can integrate more server to support more movies,Reliability
User can use system even interne is not available,User can print complete system report at any time,Reliability
System only need internet connection when ever any important action is required,User can stream more than one hundred movies at same time,Reliability
user can use different function of system offline,User can understand system more by using universal user friendly fonts,Reliability
user will need internet to do some transaction,User can upgrade system any time with addition of new resources,Reliability
system will be working without internet,user can use different function of system offline,Reliability
The product shall allow the user to view previously downloaded search results CMA reports and appointment,User can use system at time of day and night,Reliability
User can easily view their history,User can use system during day time,Reliability
User can check their previous reports printed on system,User can use system even interne is not available,Reliability
System allow user to check their search result of appointment,User can use system every time simultaneously,Reliability
User can check their previous reports of less than seven days,User can use system for if payment method is not working at time,Reliability
System will allow user to see all history of last month,User can use system for if streaming is not working at time,Reliability
The website shall continue to operate if the payment gateway goes down.,User can use system for whole day,Reliability
User can easily use system if any module of system is not working,user can use system if payment method is not working,Reliability
User can use system for if payment method is not working at time,user can use system if streaming server is not working,Reliability
Payment method will have no effect on the system,User can use system without any error,Reliability
user can use system if payment method is not working,user data will be update every time user get offline,Reliability
system will not get effect if payment gateway is not working,User must get response by system in less than two seconds,Reliability
100% of saved user preferences shall be restored when system comes back online.,User need less than 100kbps speed to connect with system,Reliability
User online data will be saved every ten seconds,User need no high budget to maintain their system,Reliability
User can get their data back when they get online again,User online data will be saved every ten seconds,Reliability
System will auto save data of every user,user preference will never change from system,Reliability
user data will be update every time user get offline,User will be get update about transaction in less than three seconds,Reliability
user preference will never change from system,User will get feedback from system continuously by system,Reliability
The product shall be able to support multiple remote users,User will get notified about error or any fault in less than seconds,Reliability
System can be access online from any where,User will get response from system is less than one seconds,Reliability
User can access system from different places at same time,user will need internet to do some transaction,Reliability
user will need internet to do some transaction,100% of saved user preferences shall be restored when system comes back online.,Reliability
User will get response from system is less than one seconds,Auto recovery can be used whenever system face with failure,Reliability
User will get notified about error or any fault in less than seconds,Defect reports can be check in system,Reliability
User will get feedback from system continuously by system,Defect reports will be available to technical units on a 24x7 basis,Reliability
User will be get update about transaction in less than three seconds,Different user can access system in day time for at least five days of week,Reliability
user preference will never change from system,Different user more than one hundred can do more than hundreds transaction at one time,Reliability
User online data will be saved every ten seconds,Interface of system will be user friendly,Reliability
User need no high budget to maintain their system,Less internet speed is required for connection with system,Reliability
User need less than 100kbps speed to connect with system,More than hundred user can access at day time easily,Reliability
User must get response by system in less than two seconds,More than hundred user can access different games at same time,Reliability
user data will be update every time user get offline,More than one hundred user can access system any time at same time,Reliability
User can use system without any error,More than one user can do online streaming from system,Reliability
user can use system if streaming server is not working,Online streaming can be done by different user at same time using time,Reliability
user can use system if payment method is not working,Payment method will have no effect on the system,Reliability
User can use system for whole day,Product can be access seven days a week,Reliability
User can use system for if streaming is not working at time,Product can be maintain for more than two year in low budget,Reliability
User can use system for if payment method is not working at time,Product can be used by user to do transaction at any time,Reliability
User can use system every time simultaneously,Product can do more than thousands transaction in week,Reliability
User can use system even interne is not available,Product can easily access by user throughout the week,Reliability
User can use system during day time,Product can easily be integrate with other resource,Reliability
User can use system at time of day and night,Product can easily handle more than ten thousands request at one time,Reliability
user can use different function of system offline,Product can handle different types of games request at one time,Reliability
User can upgrade system any time with addition of new resources,Product can handle more than five hundred user at one time,Reliability
User can understand system more by using universal user friendly fonts,Product can have more than hundred games saved for online users,Reliability
User can stream more than one hundred movies at same time,Product failure should be handle with recovery technique,Reliability
User can print complete system report at any time,Product have capability of handling more than hundreds games at one time,Reliability
User can integrate more server to support more movies,Product need low money to maintain,Reliability
User can get their data back when they get online again,Product should have recovery mode when interact with any fault,Reliability
User can easily view their history,Product will need maintained about after two years,Reliability
User can easily use system if any module of system is not working,Recovery technique should be install with product,Reliability
User can easily install different third party resources with system easily,Server can handle more than thousand user request at one time,Reliability
User can easily do all type of transaction using system,Server must allow more than thousand user at one time for smooth operation flow,Reliability
User can easily access to different games at one time,Streaming server will have no effect on the system,Reliability
User can easily access system six days of week,System allow user to check their search result of appointment,Reliability
User can easily access system in whole week,System can be access by user for whole week,Reliability
User can do streaming online for more than six hours,System can be access online from any where,Reliability
User can do more than thousand transaction per day,System can be easily accessible from Monday to Friday,Reliability
User can do more than one hundred transaction at one time,System can be easy to use for user because of user-friendly colour scheme,Reliability
user can do different task at same time on system,System can easily handle more than six hundred movies,Reliability
User can do any type of with system crash,System can easily work with more than three server at same time,Reliability
User can check their previous reports printed on system,System can handle all new integration request easily,Reliability
User can check their previous reports of less than seven days,System can handle any error using auto recovery system,Reliability
User can access system from early morning to late night,system can handle more ten user request at one time,Reliability
User can access system from different places at same time,System can handle more than hundreds requests at one time,Reliability
User can access system easily seven days a week,system can handle more than one hundreds user request at one time,Reliability
User can access system at any time,System can handle more than thousand request from user,Reliability
This system can easily integrate new resources,System can process more than hundred request at one time,Reliability
There should be no fault while additions to system,System can support more than hundred user to stream,Reliability
The website shall continue to operate if the streaming server goes down.,System have capability to run even any of module is not working,Reliability
The website shall continue to operate if the payment gateway goes down.,System interface will be design for every type of user,Reliability
The user can easily access system at any time,System must handle every type of error,Reliability
The streaming server will support a maximum of 700 movies; new servers can be added to support more movie,System must have install error handling technique to avoid system crash,Reliability
The steaming server should support 1000 plus user to stream,System only need internet connection when ever any important action is required,Reliability
The response time shall be no more than 2 seconds for 95% of responses and no more than 4% for the remaining responses.,System response in game will not more than one seconds,Reliability
The response time shall be fast enough to maintain the flow of the game.,System should not crash if any error happens,Reliability
The product should have no fault while integration to new system,System use less internet to do all kind of transaction,Reliability
The product should have auto recovery program,System will allow more then thousand user to stream at same time,Reliability
The product should be fault free when any changes comes,System will allow user to see all history of last month,Reliability
The product should be available for user in at least five days a week,System will auto save data of every user,Reliability
The product should be able to handle all changes without any fault,System will be available for user complete week in first six month,Reliability
The product shall provide Dynamic Change Support and Transparent resource addition.,System will be available for user from day to late night time,Reliability
The product shall process minimum of 1 million transactions per year.,System will be available to every user during day time till late night,Reliability
The product shall operate in offline mode whenever internet connection is unavailable,System will be continuously updating different request and generating response for user,Reliability
The product shall have fault tolerance by using recovery technique compensatory transaction and routing around failures.,system will be working without internet,Reliability
The product shall have fault avoidance based on standards adoption,system will not get effect if payment gateway is not working,Reliability
The product shall have a consistent colour scheme and fonts.,system will not get effect if streaming server is not working,Reliability
The product shall be expected to operate within the maximum maintenance budget for a minimum of 2 years,System will print all error report every weekend,Reliability
The product shall be available during normal business hours. As long as the user has access to the client PC the system will be available 99% of the time during the first six months of operation,System will response to every request done by user in not more than three seconds,Reliability
The product shall be available 99.99% of the time for regular business days.,System will update user about any error frequently,Reliability
The product shall be available 99% of the time.,System will update user during any game,Reliability
The product shall be available 24 hours per day seven days per week,System will use standard fonts and colour for different function and menus,Reliability
The product shall be able to support multiple remote users,Technical unit can print more than one hundred reports at one time,Reliability
The product shall be able to process all transactions.,Technical units can be easily check after very eight hours,Reliability
The product shall be able to handle a large number of request at one time,The available server must be reliable and the network connectivity in the supermarket should be proper for smooth flow of all operations and data.,Reliability
The product shall allow the user to view previously downloaded search results CMA reports and appointment,The product can be maintain in very low budget,Reliability
The product shall able to handle a large number of games simultaneously,The product can easily handle any changes,Reliability
The product can easily handle any changes,The product shall able to handle a large number of games simultaneously,Reliability
The product can be maintain in very low budget,The product shall allow the user to view previously downloaded search results CMA reports and appointment,Reliability
The available server must be reliable and the network connectivity in the supermarket should be proper for smooth flow of all operations and data.,The product shall be able to handle a large number of request at one time,Reliability
Technical units can be easily check after very eight hours,The product shall be able to process all transactions.,Reliability
Technical unit can print more than one hundred reports at one time,The product shall be able to support multiple remote users,Reliability
System will use standard fonts and colour for different function and menus,The product shall be available 24 hours per day seven days per week,Reliability
System will update user during any game,The product shall be available 99% of the time.,Reliability
System will update user about any error frequently,The product shall be available 99.99% of the time for regular business days.,Reliability
System will response to every request done by user in not more than three seconds,The product shall be available during normal business hours. As long as the user has access to the client PC the system will be available 99% of the time during the first six months of operation,Reliability
System will print all error report every weekend,The product shall be expected to operate within the maximum maintenance budget for a minimum of 2 years,Reliability
system will not get effect if streaming server is not working,The product shall have a consistent colour scheme and fonts.,Reliability
system will not get effect if payment gateway is not working,The product shall have fault avoidance based on standards adoption,Reliability
system will be working without internet,The product shall have fault tolerance by using recovery technique compensatory transaction and routing around failures.,Reliability
System will be continuously updating different request and generating response for user,The product shall operate in offline mode whenever internet connection is unavailable,Reliability
System will be available to every user during day time till late night,The product shall process minimum of 1 million transactions per year.,Reliability
System will be available for user from day to late night time,The product shall provide Dynamic Change Support and Transparent resource addition.,Reliability
System will be available for user complete week in first six month,The product should be able to handle all changes without any fault,Reliability
System will auto save data of every user,The product should be available for user in at least five days a week,Reliability
System will allow user to see all history of last month,The product should be fault free when any changes comes,Reliability
System will allow more then thousand user to stream at same time,The product should have auto recovery program,Reliability
System use less internet to do all kind of transaction,The product should have no fault while integration to new system,Reliability
System should not crash if any error happens,The response time shall be fast enough to maintain the flow of the game.,Reliability
System response in game will not more than one seconds,The response time shall be no more than 2 seconds for 95% of responses and no more than 4% for the remaining responses.,Reliability
System only need internet connection when ever any important action is required,The steaming server should support 1000 plus user to stream,Reliability
System must have install error handling technique to avoid system crash,The streaming server will support a maximum of 700 movies; new servers can be added to support more movie,Reliability
System must handle every type of error,The user can easily access system at any time,Reliability
System interface will be design for every type of user,The website shall continue to operate if the payment gateway goes down.,Reliability
System have capability to run even any of module is not working,The website shall continue to operate if the streaming server goes down.,Reliability
System can support more than hundred user to stream,There should be no fault while additions to system,Reliability
System can process more than hundred request at one time,This system can easily integrate new resources,Reliability
System can handle more than thousand request from user,User can access system at any time,Reliability
system can handle more than one hundreds user request at one time,User can access system easily seven days a week,Reliability
System can handle more than hundreds requests at one time,User can access system from different places at same time,Reliability
system can handle more ten user request at one time,User can access system from early morning to late night,Reliability
System can handle any error using auto recovery system,User can check their previous reports of less than seven days,Reliability
System can handle all new integration request easily,User can check their previous reports printed on system,Reliability
System can easily work with more than three server at same time,User can do any type of with system crash,Reliability
System can easily handle more than six hundred movies,user can do different task at same time on system,Reliability
System can be easy to use for user because of user-friendly colour scheme,User can do more than one hundred transaction at one time,Reliability
System can be easily accessible from Monday to Friday,User can do more than thousand transaction per day,Reliability
System can be access online from any where,User can do streaming online for more than six hours,Reliability
System can be access by user for whole week,User can easily access system in whole week,Reliability
System allow user to check their search result of appointment,User can easily access system six days of week,Reliability
Streaming server will have no effect on the system,User can easily access to different games at one time,Reliability
Server must allow more than thousand user at one time for smooth operation flow,User can easily do all type of transaction using system,Reliability
Server can handle more than thousand user request at one time,User can easily install different third party resources with system easily,Reliability
Recovery technique should be install with product,User can easily use system if any module of system is not working,Reliability
Product will need maintained about after two years,User can easily view their history,Reliability
Product should have recovery mode when interact with any fault,User can get their data back when they get online again,Reliability
Product need low money to maintain,User can integrate more server to support more movies,Reliability
Product have capability of handling more than hundreds games at one time,User can print complete system report at any time,Reliability
Product failure should be handle with recovery technique,User can stream more than one hundred movies at same time,Reliability
Product can have more than hundred games saved for online users,User can understand system more by using universal user friendly fonts,Reliability
Product can handle more than five hundred user at one time,User can upgrade system any time with addition of new resources,Reliability
Product can handle different types of games request at one time,user can use different function of system offline,Reliability
Product can easily handle more than ten thousands request at one time,User can use system at time of day and night,Reliability
Product can easily be integrate with other resource,User can use system during day time,Reliability
Product can easily access by user throughout the week,User can use system even interne is not available,Reliability
Product can do more than thousands transaction in week,User can use system every time simultaneously,Reliability
Product can be used by user to do transaction at any time,User can use system for if payment method is not working at time,Reliability
Product can be maintain for more than two year in low budget,User can use system for if streaming is not working at time,Reliability
Product can be access seven days a week,User can use system for whole day,Reliability
Payment method will have no effect on the system,user can use system if payment method is not working,Reliability
Online streaming can be done by different user at same time using time,user can use system if streaming server is not working,Reliability
More than one user can do online streaming from system,User can use system without any error,Reliability
More than one hundred user can access system any time at same time,user data will be update every time user get offline,Reliability
More than hundred user can access different games at same time,User must get response by system in less than two seconds,Reliability
More than hundred user can access at day time easily,User need less than 100kbps speed to connect with system,Reliability
Less internet speed is required for connection with system,User need no high budget to maintain their system,Reliability
Interface of system will be user friendly,User online data will be saved every ten seconds,Reliability
Different user more than one hundred can do more than hundreds transaction at one time,user preference will never change from system,Reliability
Different user can access system in day time for at least five days of week,User will be get update about transaction in less than three seconds,Reliability
Defect reports will be available to technical units on a 24x7 basis,User will get feedback from system continuously by system,Reliability
Defect reports can be check in system,User will get notified about error or any fault in less than seconds,Reliability
Auto recovery can be used whenever system face with failure,User will get response from system is less than one seconds,Reliability
100% of saved user preferences shall be restored when system comes back online.,user will need internet to do some transaction,Reliability
