Words and symbols must meet standard of user using system,80% of end users are able to integrate new database management systems with the product without changing the product's software code,Usability
"using different type of symbols, header and menus will user to understand better and help them to use easily",A user shall be able to use the system without instruction after a short amount of time. After one use a user should understand and remember 90% of the system usage and navigation,Usability
System supports users in completing actions accurately,add or drop menu of player can be access within three steps,Usability
Users should only have to navigate through a maximum of 4 pages to create an account with the website.,Administration can help user to use system efficiently,Usability
System will allow new user to create account with very easy steps,Administration will provide help to user for better understanding of system,Usability
User can start using system after registration in system,Amount User can enter their data with less amount to error,Usability
User sign up page will get every related information from user,An anonymous survey will show that 70% of customers are comfortable purchasing streaming movies after 2 weeks using the website.,Usability
There will be more than three pages for user to get register in system,An anonymous survey will show that 95% of customers are comfortable using and purchasing pre-paid cards after a month of using the system,Usability
Sign up menu will provide in system for user to create account in system,Any new user can easily interact with system without any manual,Usability
Users should be able to access their streaming movies in fewer than 2 clicks after logging into the website.,any type of user can do any task with help of system catalog,Usability
User can easily find their favourite movies list after login into system,Customers should be able to purchase and watch a pre-determined movie in under 3 minutes,Usability
User can watch different types of movies online,Different navigation menu will be provided for user to understand system,Usability
user can search movies online,Estimator can easily learn to use system,Usability
user can also able to save their favourite movies online,Estimator can use system for their daily task,Usability
it will take less than three steps to watch movies,Every new user can use system by following support menu,Usability
An anonymous survey will show that 70% of customers are comfortable purchasing streaming movies after 2 weeks using the website.,Every patient can enter their data in system easily,Usability
User will be allowed to buy movies online at any time,Every problem answer will be provide on help symbol for new user,Usability
User can buy more than ten movies online,Every user will be using the system after launch of system,Usability
System will allow user to search  different movies and buy them at any time,FAQs will be provided in system to help user to use system,Usability
User can start buying after creating  an account in system,Icons can be used as shortcut during task,Usability
"Movies will be available online, so user can purchase them",Interface of system will be design for new user so they can use system easily,Usability
An anonymous survey will show that 95% of customers are comfortable using and purchasing pre-paid cards after a month of using the system,Interface of system will support both mouse and key board,Usability
System will allow any user to purchase online after login into system,It should be easy for estimator to have command on system,Usability
User can use buy interface easily after using system for some time,It should be easy for every new user to use system,Usability
"user will have trust on system, after using system for more than two days",It should be easy for user to do their task in less time due to easy user interface,Usability
user can easily buy their card online less than three minutes,It should be easy for user to remember user function and navigation menus,Usability
it will be easy for any user to use system for buy any pre-paid card,"It supports a range of user actions and only shows an error in genuine erroneous situations. You achieve this by finding out the number, type and severity of common errors users make, as well as how easily users can recover from those errors.",Usability
The product shall be easy for customers with novice skills on the Internet to purchase and watch streaming movies.,It will be easy for any user to find points of each player,Usability
Customers should be able to purchase and watch a pre-determined movie in under 3 minutes,it will be easy for any user to use system for buy any pre-paid card,Usability
It will be easy for new user to buy any movies online after creating account,It will be easy for every user to understand system using procedure,Usability
New user can easily watch movies online without any purchase,It will be easy for new user to buy any movies online after creating account,Usability
User can demand any movie they are willing to purchase,it will take less than three steps to watch movies,Usability
User can buy any movie online is less than two steps,Local time will not be shown on product list in system,Usability
Users shall be able to reach the 'add'  'drop'  and 'trade player' pages with one click from the team owner's page,Mouse and keyboard both can be used to use system,Usability
user can easily find their favourite team in  search list,"Movies will be available online, so user can purchase them",Usability
user can find any team owner by searching team information,New database can be used with every product,Usability
user can add any team into their favourite list,New user can easily use system after training of eight hours,Usability
add or drop menu of player can be access within three steps,New user can easily watch movies online without any purchase,Usability
user can find trade player pages online  in less than one minute,NFL player points can be seen on first page for new user,Usability
Users find it pleasant to use and appropriate for its industry/topic,Player can be dropped by user after their conformation,Usability
Users can perform tasks quickly through the easiest process,Product now can easily search in database for user,Usability
User with no experience can easily use system,Product should be easy user for customer to accomplish their task,Usability
User with minimum interaction with system must be able use system,Product should be help more than ninety percent people to complete their goals,Usability
User will used system easily if most of content on system is use friendly,Product should support all international languages,Usability
User will update his information,"Product should use universal user interface, which will help user to complete their task easily",Usability
System Administrators shall monitor message exchanges will predict and determine problems and will also provide internal and external support.,Product task completion rate must be less than two minutes,Usability
User can find online help regarding system for better understanding of system,Projection of data to another screen make data readable more easily,Usability
User can ask for help form administration directly using system,Purchasing and streaming of new movies should be easy for new customer,Usability
Administration can help user to use system efficiently,Receiving call form user must be easy for supervisor and completing their task,Usability
Administration will provide help to user for better understanding of system,Reports can be printed easily by new user in easy steps,Usability
User can get external help from administration for system use,Reports must be easy to generate. Reports must be generated within one button click and exported within one button click.,Usability
User will not able to do difference between system display and smart device display,Schedule can easily be create using system for students,Usability
"User will get active response from system , if user get in any trouble or error",Schedule of class must be easy for administration staff,Usability
User will enjoy while using the system,Sign up menu will provide in system for user to create account in system,Usability
User will easily able to use system features after using system first time,Student can find their schedule of class manage by nursing staff using system,Usability
User will be notified after every action,Students can easily access to their schedule of classes,Usability
User should not take less than one to learn new system,System Administrators shall monitor message exchanges will predict and determine problems and will also provide internal and external support.,Usability
User shall be able to view at least 25 NFL player statistics and points on each page,System allow every patient to enter data without any error,Usability
It will be easy for any user to find points of each player,System can be access whole year from 7AM till 12AM for users.,Usability
User can customize how much player statistic show on one page,System can print more than one hundreds reports at one time,Usability
User can see more than thirty players on every page,System command can easily remember after use of ten days,Usability
System will allow every user to check statistic  of their favourite player,system design must include helpful content for user to navigate to complete their task easily,Usability
NFL player points can be seen on first page for new user,System display setting can be done by user manually,Usability
User relating to any industry can easily this system for their use,"System function must be 	easy usable for every staff working under administration",Usability
User no training to use system,System help user to use system for task completion,Usability
User must understand system using help menu,System icons must be understandable by user,Usability
User must complete task with help of system meta tag,System icons must present understandable values to user,Usability
User must be able to use system after successful training of system,System installation must be easy for any type of user,Usability
User must be able to use and complete their task efficiently,system interface must be user friendly,Usability
User must be able to read data from distance of less than thirty meter,"system interface must user friendly, so new user can complete task without taking any help from outside",Usability
User must be able to input as much data as system want,System manual must be provided for user to help them to understand system usability,Usability
User must be able to complete all task easily without any error,System must be capable of understanding all user data,Usability
User must be able to add new case in system after training,System must be easily manage by staff to schedule students classes,Usability
User have access to modified their display as per their need,System must be using helpful word for user to use the system,Usability
User from different places can use system at same time,System must easy to use for any type of new user,Usability
User friendly product can help user to complete their task in less time easily,System must have easy command for every task,Usability
User friendly menu will be used in interface for user to use system,System must have universal symbol for all type of user,Usability
user friendly interface can help user to understand system,System must help user to complete their task in less than two minutes,Usability
User can will use user friendly menu to help user to understand system,System must shows error done by user while entering any type of data,Usability
User can use this system for their prospective use,System must understand user input,Usability
User can use more than two language at one time,System must use all terminology as define by organization,Usability
User can use monitoring system,System must use that action symbol which is understand by user,Usability
User can use GUI to check all details in system,System should allow user to project different data so data can easily be viewable,Usability
User can start using system after completion of their training,System should be accessible during day time all days of year till late night,Usability
User can select any language to use system,System should be easily to use for the new user,Usability
User can select any language by using filter of countries,System should be easy to use and understand,Usability
User can reserve more than five room for one day,System should be efficient for new user to help them understand easily,Usability
User can monitor their task online easily,System should have easy helping navigation of for user to complete task,Usability
User can easily remember all steps to complete task,System should have menu for new user to find help to understand system,Usability
User can easily install the system from start to end,System should have user friendly interface for estimator,Usability
User can easily find their way to complete task by following helpful word in system,System should provide manual to make it easy to use,Usability
User can easily change their display setting after using system for one week,System should show helpful symbols at time of input from user,Usability
User can complete their budget list in less than three steps,System should support every type of input to reduce the chance of error,Usability
User can complete task easily without any error,System should take less than two minutes for daily user to complete task,Usability
User can complete any task in system without any manual,System supports users in completing actions accurately,Usability
User can buy online monitoring services by monthly payment,System will adjust the display for user by taking assumption of user uses,Usability
The product shall be easy for System Administrators and DBAs to use after two weeks of usage.,System will allow any user to purchase online after login into system,Usability
The  user will need at least one week to understand system fully,System will allow any user to use large font of display to help them to easily use of system,Usability
System will be more easy for the user after training of two week,System will allow every user to check statistic  of their favourite player,Usability
User will have better command on system after some time of uses,System will allow more than five user to use system at same time,Usability
System will take at least four days for user to understand,System will allow new user to create account with very easy steps,Usability
User can easily use system for their use after eight hours of uses,System will allow user to change language at any time,Usability
The product shall increase productivity of Collision Estimators. 80% of the Collision Estimators shall agree their productivity has increase within 1 month of using the product.,System will allow user to change system display size and resolution,Usability
System should have user friendly interface for estimator,System will allow user to drop any player,Usability
Estimator can easily learn to use system,System will allow user to give feedback on system also,Usability
It should be easy for estimator to have command on system,System will allow user to search  different movies and buy them at any time,Usability
System command can easily remember after use of ten days,System will allow user to use mouse or keyboard to accomplished their task,Usability
It should be easy for user to do their task in less time due to easy user interface,System will attract more user because of user friendly interface,Usability
Users shall feel satisfied using the product.  85% of all users will be satisfied with the product,"System will auto update user local time, every time",Usability
It should be easy for every new user to use system,System will be able to do more than ten conference online at one time,Usability
User need to help to learn system,System will be available offline to user,Usability
Any new user can easily interact with system without any manual,System will be easy to use for any task for any type of user,Usability
System must have easy command for every task,System will be more easy for the user after training of two week,Usability
User feel comfortable to use system on daily basis,System will be very easy to use for any user due to help menu,Usability
The product shall be easy to learn by Adjusters and Collision Estimators.  The product shall be learned with two days onsite training,System will easy for user to complete any task,Usability
The system interface will be very easy for new user,System will generate an error report done by user any time,Usability
New user can easily use system after training of eight hours,System will give answer to every input of user,Usability
Estimator can use system for their daily task,System will have universal user friendly menus list for user,Usability
Training for new user will  help them to use system easily,System will help different type of user to maintain their data in system,Usability
User can start using system after taking training of six hours,System will help user to complete their task using navigation icons.,Usability
The user shall easily locate instructions while using the product.  User help can be found within 90% of the system,System will help user to do all types of task error free,Usability
User can find help regarding using of system from help menu,System will help user to print any kind of report in two steps,Usability
Different navigation menu will be provided for user to understand system,System will help user to recover from error,Usability
User can take help for system from help symbols,System will notified user about any update in system],Usability
Every new user can use system by following support menu,System will print every type of report for user,Usability
System will provide FAQs to help user to understand system,System will provide FAQs to help user to understand system,Usability
User can archives any tasks less than 5 steps,System will response in time of error done by user,Usability
Understanding of system should be part of system,System will take at least four days for user to understand,Usability
Understanding of system must be easy for new user,System will update every product when new product added,Usability
Training time of system should be less then one day,System will use universal help menu to help user to use system,Usability
Training session for this system will be less than ten hours,task can be easily complete for user by learning user friendly interface,Usability
Training session for new user must be less than eight hours,Task completion can be easy for every user because of universal user interface,Usability
Training of system should be less than eight hours per day,Task completion can done easily by using system for new user,Usability
Training course of application must be less than three days,Task completion rate by user must be greater than eighty percent,Usability
Till late night system should be accessible throughout year,Task completion should take less than sixty seconds for user,Usability
The website will use standard Internet conventions when interacting with the user.,The  user will need at least one week to understand system fully,Usability
It will be easy for every user to understand system using procedure,'The application shall ask the user to confirm dropping a player or trading a player before performing the action,Usability
User can easily do their task because of user friendly interface,The availability of system should be whole year.,Usability
Website will be follow universal user interface to help any user to use system,The look and feel of the system shall conform to the user interface standards of the smart device,Usability
User need no help to use the system,The product interface should be easy to for new customer to understand,Usability
System will use universal help menu to help user to use system,The product shall allow the user to select a chosen language from one of the target market countries.,Usability
The website will provide a help section with answers and solutions to common problems.,The product shall be able to display calendar dates and times according to the user's locale.  90% of survey respondents from each target market country will find that the date and time formatting of the product is correct.,Usability
The system will provide help menu to help user to understand system,The product shall be available to players who understand English Spanish and French,Usability
User can find answer of any query relating to system from help menu,The product shall be easy for a realtor to learn.,Usability
FAQs will be provided in system to help user to use system,The product shall be easy for customers with novice skills on the Internet to purchase and watch streaming movies,Usability
System will be very easy to use for any user due to help menu,The product shall be easy for customers with novice skills on the Internet to purchase and watch streaming movies.,Usability
Every problem answer will be provide on help symbol for new user,The product shall be easy for System Administrators and DBAs to use after two weeks of usage.,Usability
'The WCS system shall use appropriate nomenclature and terminology as defined by the Corporate Community Grants organization. All interfaces and reports will undergo usability tests by CCR users,The product shall be easy to learn by Adjusters and Collision Estimators.  The product shall be learned with two days onsite training,Usability
System must use all terminology as define by organization,The product shall be easy to use. 90% of users will be able to successfully reserve a conference room within 5 minutes of product use,Usability
User can generate their reports for further tasks,The product shall be installed by an untrained realtor   without recourse to separately-printed instructions.,Usability
Reports can be printed easily by new user in easy steps,The product shall be intuitive and self-explanatory.  Nine out ten users shall be able to successfully complete,Usability
System will help user to print any kind of report in two steps,The product shall give users feedback when necessary.,Usability
Interface of system will be design for new user so they can use system easily,The product shall increase productivity of Collision Estimators. 80% of the Collision Estimators shall agree their productivity has increase within 1 month of using the product.,Usability
The verbiage used within the system shall be consistent with Standard English and the terminology of the national Nursing Community.,The product shall make the users want to use it. 80% of the users surveyed report they are regularly using the product after the first 2 weeks post-launch,Usability
The users should be able to easily use the system to successfully complete their budgets within the stipulated time for completion. With a week of training prior to product implementation  98% of the users shall complete their budgets within the stipulated time,The product shall provide GUI based Monitoring Services,Usability
The User should access system all days of the year from early morning till night.,The product shall provide Monitoring Services.,Usability
The user must understand what the system does,The product shall use a standard navigation menu familiar to most web users,Usability
The system will use less steps to complete any task,The product shall use symbols and words that are naturally understandable by the realtor community.,Usability
The system will support every international register languages,The product should be easy to use for new customer,Usability
The system will provide GUI based interface to interact with user,"The product should be easy to use for new customer, So they can buy and watch movies online",Usability
The system will help user to make their budgets online,"The product should be user friendly, so user can easily complete their task",Usability
The system will be helpful for any type of user,The product should have good user response on any error,Usability
The system will allow user to check updates online,The product use user friendly interface for user to understand system,Usability
The system will allow user  to do online video conference for more than six hours,The system can access to use from early morning till late night all days of year,Usability
The system shall help the user avoid making mistakes while scheduling classes and clinical for the nursing students.,The system can use in day times throughout the year,Usability
The system shall cater to 10 simultaneous users from 9am to 5pm,The system help user to schedule their task,Usability
The system shall be used by realtors with no training,"the System interface is easy to learn and navigate; buttons, headings, and help/error messages are simple to understand",Usability
The system shall be easy to use by the Program Administrators/Nursing Staff Members.,The system interface is very easy to use for every user to reserve room for online meeting,Usability
The system shall be easy to use by callers and supervisors. Callers and supervisors must be able to accomplish any system task within 2 minutes,The system interface will be very easy for new user,Usability
The system shall allow modification of the display,The system must be available for use between 7:00AM and 11:59PM all days of the year.,Usability
The system must use user friendly symbols as meta tag to help them to better understanding of system,The system must be available from day to the late night whole year,Usability
The system must use standard English as help manual,The system must be available in day time for whole year.,Usability
The system must use a point and click interface. 100% of all selection and navigation functionality must be able to be activated/selected by either a mouse or a keyboard,The system must be easy for administration staff to complete their task,Usability
The user can use system with their keyboard and mouse,The system must be easy to use for user to call and complete their specific task in less than minutes,Usability
Interface of system will support both mouse and key board,The system must be easy use for every type of user,Usability
Mouse and keyboard both can be used to use system,The system must use a point and click interface. 100% of all selection and navigation functionality must be able to be activated/selected by either a mouse or a keyboard,Usability
User can easily do their task by mouse or keyboard,The system must use standard English as help manual,Usability
System will allow user to use mouse or keyboard to accomplished their task,The system must use user friendly symbols as meta tag to help them to better understanding of system,Usability
The system must be easy to use for user to call and complete their specific task in less than minutes,The system shall allow modification of the display,Usability
The system must be easy for administration staff to complete their task,The system shall be easy to use by callers and supervisors. Callers and supervisors must be able to accomplish any system task within 2 minutes,Usability
The system must be available in day time for whole year.,The system shall be easy to use by the Program Administrators/Nursing Staff Members.,Usability
The system must be available from day to the late night whole year,The system shall be used by realtors with no training,Usability
The system must be available for use between 7:00AM and 11:59PM all days of the year.,The system shall cater to 10 simultaneous users from 9am to 5pm,Usability
The system interface is very easy to use for every user to reserve room for online meeting,The system shall help the user avoid making mistakes while scheduling classes and clinical for the nursing students.,Usability
"the System interface is easy to learn and navigate; buttons, headings, and help/error messages are simple to understand",The system should provide help or support menu for new user to help them understand new system.,Usability
The system help user to schedule their task,The system software must be tailored for the needs of the individual patient,Usability
The system can use in day times throughout the year,The system will allow user  to do online video conference for more than six hours,Usability
The system can access to use from early morning till late night all days of year,The system will allow user to check updates online,Usability
The product use user friendly interface for user to understand system,The system will allow user to customize time setting as per their need in calendar,Usability
The product should have good user response on any error,The system will ask permission before doing any action,Usability
User will get response if any time user get error,The system will be helpful for any type of user,Usability
User will be notified about any error or fault in system,the system will be very easy to use for new user of system,Usability
System will generate an error report done by user any time,The system will help user to do all type of task less than minutes,Usability
User can easily check all error in error menu,The system will help user to make their budgets online,Usability
System will response in time of error done by user,The system will provide GUI based interface to interact with user,Usability
"The product should be user friendly, so user can easily complete their task",The system will provide help menu to help user to understand system,Usability
"The product should be easy to use for new customer, So they can buy and watch movies online",The system will support every international register languages,Usability
The product should be easy to use for new customer,The system will use less steps to complete any task,Usability
The product shall use symbols and words that are naturally understandable by the realtor community.,The user can use system with their keyboard and mouse,Usability
The product shall use a standard navigation menu familiar to most web users,The user must understand what the system does,Usability
The product shall provide Monitoring Services.,The user shall easily locate instructions while using the product.  User help can be found within 90% of the system,Usability
The product shall provide GUI based Monitoring Services,The User should access system all days of the year from early morning till night.,Usability
The product shall make the users want to use it. 80% of the users surveyed report they are regularly using the product after the first 2 weeks post-launch,The users should be able to easily use the system to successfully complete their budgets within the stipulated time for completion. With a week of training prior to product implementation  98% of the users shall complete their budgets within the stipulated time,Usability
Every user will be using the system after launch of system,The verbiage used within the system shall be consistent with Standard English and the terminology of the national Nursing Community.,Usability
System will attract more user because of user friendly interface,'The WCS system shall use appropriate nomenclature and terminology as defined by the Corporate Community Grants organization. All interfaces and reports will undergo usability tests by CCR users,Usability
User will easily use system for their daily task,The website will provide a help section with answers and solutions to common problems.,Usability
User will start using system before launch of system,The website will use standard Internet conventions when interacting with the user.,Usability
System will help user to complete their task using navigation icons.,There will be more than three pages for user to get register in system,Usability
The product shall give users feedback when necessary.,this system will help new user to do their task without  any help,Usability
The product shall be intuitive and self-explanatory.  Nine out ten users shall be able to successfully complete,Till late night system should be accessible throughout year,Usability
The product shall be installed by an untrained realtor   without recourse to separately-printed instructions.,Training course of application must be less than three days,Usability
The product shall be easy to use. 90% of users will be able to successfully reserve a conference room within 5 minutes of product use,Training for new user will  help them to use system easily,Usability
The product shall be easy for customers with novice skills on the Internet to purchase and watch streaming movies,Training of system should be less than eight hours per day,Usability
The product shall be easy for a realtor to learn.,Training session for new user must be less than eight hours,Usability
The product shall be available to players who understand English Spanish and French,Training session for this system will be less than ten hours,Usability
The product shall be able to display calendar dates and times according to the user's locale.  90% of survey respondents from each target market country will find that the date and time formatting of the product is correct.,Training time of system should be less then one day,Usability
The system will allow user to customize time setting as per their need in calendar,Understanding of system must be easy for new user,Usability
User can enter their local times from calendar,Understanding of system should be part of system,Usability
Local time will not be shown on product list in system,Updated data can be print from system,Usability
"System will auto update user local time, every time",user can add any team into their favourite list,Usability
User have access to change time and date from system,user can also able to save their favourite movies online,Usability
User can format time and date accordingly,User can archives any tasks less than 5 steps,Usability
The product shall allow the user to select a chosen language from one of the target market countries.,User can ask for help form administration directly using system,Usability
The product interface should be easy to for new customer to understand,User can buy any movie online is less than two steps,Usability
The look and feel of the system shall conform to the user interface standards of the smart device,User can buy more than ten movies online,Usability
The availability of system should be whole year.,User can buy online monitoring services by monthly payment,Usability
'The application shall ask the user to confirm dropping a player or trading a player before performing the action,User can complete any task in system without any manual,Usability
The system will ask permission before doing any action,User can complete task easily without any error,Usability
User can set their permission for certain action in system,User can complete their budget list in less than three steps,Usability
System will allow user to drop any player,user can complete their task by taking help from system,Usability
User can easily drop trading player after permission,User can customize how much player statistic show on one page,Usability
Player can be dropped by user after their conformation,User can demand any movie they are willing to purchase,Usability
Task completion should take less than sixty seconds for user,user can easily buy their card online less than three minutes,Usability
Task completion rate by user must be greater than eighty percent,User can easily change their display setting after using system for one week,Usability
Task completion can done easily by using system for new user,User can easily check all error in error menu,Usability
task can be easily complete for user by learning user friendly interface,User can easily do their task because of user friendly interface,Usability
System will notified user about any update in system],User can easily do their task by mouse or keyboard,Usability
System will help user to do all types of task error free,User can easily drop trading player after permission,Usability
System will have universal user friendly menus list for user,User can easily find their favourite movies list after login into system,Usability
System will give answer to every input of user,user can easily find their favourite team in  search list,Usability
System will easy for user to complete any task,User can easily find their way to complete task by following helpful word in system,Usability
System will be easy to use for any task for any type of user,User can easily install the system from start to end,Usability
"It supports a range of user actions and only shows an error in genuine erroneous situations. You achieve this by finding out the number, type and severity of common errors users make, as well as how easily users can recover from those errors.",User can easily learn system after one time use,Usability
The system will help user to do all type of task less than minutes,User can easily print their data form print section,Usability
User will not make much error while using the system,User can easily remember all steps to complete task,Usability
System will help user to recover from error,User can easily use system for their use after eight hours of uses,Usability
System should support every type of input to reduce the chance of error,User can enter their local times from calendar,Usability
Amount User can enter their data with less amount to error,User can find answer of any query relating to system from help menu,Usability
"when they first encounter an interface, users should be able to find their way about easily enough to achieve objectives without relying on outside/expert knowledge",user can find any team owner by searching team information,Usability
the system will be very easy to use for new user of system,User can find help regarding using of system from help menu,Usability
this system will help new user to do their task without  any help,User can find online help regarding system for better understanding of system,Usability
any type of user can do any task with help of system catalog,user can find trade player pages online  in less than one minute,Usability
user can complete their task by taking help from system,User can format time and date accordingly,Usability
user need no training to complete any task,User can generate their reports for further tasks,Usability
"system interface must user friendly, so new user can complete task without taking any help from outside",User can get external help from administration for system use,Usability
User must be able to determine current battery strength upon presentation.,User can maintain their product by integrating new database,Usability
User must be able to interact with system icons,User can monitor their task online easily,Usability
System icons must be understandable by user,User can reserve more than five room for one day,Usability
Icons can be used as shortcut during task,user can search movies online,Usability
System icons must present understandable values to user,User can see more than thirty players on every page,Usability
User have access to customize icons as per their need,User can select any language by using filter of countries,Usability
The system software must be tailored for the needs of the individual patient,User can select any language to use system,Usability
The system must be easy use for every type of user,User can set their permission for certain action in system,Usability
System allow every patient to enter data without any error,User can start buying after creating  an account in system,Usability
Every patient can enter their data in system easily,User can start using system after completion of their training,Usability
User will use system easily to update their data system,User can start using system after registration in system,Usability
System will help different type of user to maintain their data in system,User can start using system after taking training of six hours,Usability
80% of end users are able to integrate new database management systems with the product without changing the product's software code,User can take help for system from help symbols,Usability
User will be able to add different product with new database,User can use buy interface easily after using system for some time,Usability
New database can be used with every product,User can use GUI to check all details in system,Usability
Product now can easily search in database for user,User can use monitoring system,Usability
User can maintain their product by integrating new database,User can use more than two language at one time,Usability
System will update every product when new product added,User can use this system for their prospective use,Usability
Reports must be easy to generate. Reports must be generated within one button click and exported within one button click.,User can watch different types of movies online,Usability
System will print every type of report for user,User can will use user friendly menu to help user to understand system,Usability
User can easily print their data form print section,User feel comfortable to use system on daily basis,Usability
Updated data can be print from system,user friendly interface can help user to understand system,Usability
System can print more than one hundreds reports at one time,User friendly menu will be used in interface for user to use system,Usability
A user shall be able to use the system without instruction after a short amount of time. After one use a user should understand and remember 90% of the system usage and navigation,User friendly product can help user to complete their task in less time easily,Usability
User can easily learn system after one time use,User from different places can use system at same time,Usability
System must easy to use for any type of new user,User have access to change time and date from system,Usability
It should be easy for user to remember user function and navigation menus,User have access to customize icons as per their need,Usability
System should have easy helping navigation of for user to complete task,User have access to modified their display as per their need,Usability
Task completion can be easy for every user because of universal user interface,User must be able to add new case in system after training,Usability
System will be available offline to user,User must be able to complete all task easily without any error,Usability
System will be able to do more than ten conference online at one time,User must be able to determine current battery strength upon presentation.,Usability
System will allow user to give feedback on system also,User must be able to input as much data as system want,Usability
System will allow user to change system display size and resolution,User must be able to interact with system icons,Usability
System will allow user to change language at any time,User must be able to read data from distance of less than thirty meter,Usability
System will allow more than five user to use system at same time,User must be able to use and complete their task efficiently,Usability
System will allow any user to use large font of display to help them to easily use of system,User must be able to use system after successful training of system,Usability
System will adjust the display for user by taking assumption of user uses,User must complete task with help of system meta tag,Usability
System should take less than two minutes for daily user to complete task,User must understand system using help menu,Usability
System should show helpful symbols at time of input from user,User need no help to use the system,Usability
System should provide manual to make it easy to use,user need no training to complete any task,Usability
System should have menu for new user to find help to understand system,User need to help to learn system,Usability
System should be efficient for new user to help them understand easily,User no training to use system,Usability
System should be easy to use and understand,User relating to any industry can easily this system for their use,Usability
System should be easily to use for the new user,User shall be able to view at least 25 NFL player statistics and points on each page,Usability
System should be accessible during day time all days of year till late night,User should not take less than one to learn new system,Usability
System should allow user to project different data so data can easily be viewable,User sign up page will get every related information from user,Usability
System must use that action symbol which is understand by user,User will be able to add different product with new database,Usability
System must understand user input,User will be allowed to buy movies online at any time,Usability
System must shows error done by user while entering any type of data,User will be notified about any error or fault in system,Usability
System must help user to complete their task in less than two minutes,User will be notified after every action,Usability
System must have universal symbol for all type of user,User will easily able to use system features after using system first time,Usability
System must be using helpful word for user to use the system,User will easily use system for their daily task,Usability
System must be easily manage by staff to schedule students classes,User will enjoy while using the system,Usability
System must be capable of understanding all user data,"User will get active response from system , if user get in any trouble or error",Usability
System manual must be provided for user to help them to understand system usability,User will get response if any time user get error,Usability
system interface must be user friendly,User will have better command on system after some time of uses,Usability
System installation must be easy for any type of user,"user will have trust on system, after using system for more than two days",Usability
System help user to use system for task completion,User will not able to do difference between system display and smart device display,Usability
"System function must be 	easy usable for every staff working under administration",User will not make much error while using the system,Usability
System display setting can be done by user manually,User will start using system before launch of system,Usability
system design must include helpful content for user to navigate to complete their task easily,User will update his information,Usability
System can be access whole year from 7AM till 12AM for users.,User will use system easily to update their data system,Usability
Students can easily access to their schedule of classes,User will used system easily if most of content on system is use friendly,Usability
Student can find their schedule of class manage by nursing staff using system,User with minimum interaction with system must be able use system,Usability
Schedule of class must be easy for administration staff,User with no experience can easily use system,Usability
Schedule can easily be create using system for students,Users can perform tasks quickly through the easiest process,Usability
Receiving call form user must be easy for supervisor and completing their task,Users find it pleasant to use and appropriate for its industry/topic,Usability
Purchasing and streaming of new movies should be easy for new customer,Users shall be able to reach the 'add'  'drop'  and 'trade player' pages with one click from the team owner's page,Usability
Projection of data to another screen make data readable more easily,Users shall feel satisfied using the product.  85% of all users will be satisfied with the product,Usability
Product task completion rate must be less than two minutes,Users should be able to access their streaming movies in fewer than 2 clicks after logging into the website.,Usability
The system should provide help or support menu for new user to help them understand new system.,Users should only have to navigate through a maximum of 4 pages to create an account with the website.,Usability
"Product should use universal user interface, which will help user to complete their task easily","using different type of symbols, header and menus will user to understand better and help them to use easily",Usability
Product should support all international languages,Website will be follow universal user interface to help any user to use system,Usability
Product should be help more than ninety percent people to complete their goals,"when they first encounter an interface, users should be able to find their way about easily enough to achieve objectives without relying on outside/expert knowledge",Usability
Product should be easy user for customer to accomplish their task,Words and symbols must meet standard of user using system,Usability
Words and symbols must meet standard of user using system,80% of end users are able to integrate new database management systems with the product without changing the product's software code,Usability
"when they first encounter an interface, users should be able to find their way about easily enough to achieve objectives without relying on outside/expert knowledge",A user shall be able to use the system without instruction after a short amount of time. After one use a user should understand and remember 90% of the system usage and navigation,Usability
Website will be follow universal user interface to help any user to use system,add or drop menu of player can be access within three steps,Usability
"using different type of symbols, header and menus will user to understand better and help them to use easily",Administration can help user to use system efficiently,Usability
Users should only have to navigate through a maximum of 4 pages to create an account with the website.,Administration will provide help to user for better understanding of system,Usability
Users should be able to access their streaming movies in fewer than 2 clicks after logging into the website.,Amount User can enter their data with less amount to error,Usability
Users shall feel satisfied using the product.  85% of all users will be satisfied with the product,An anonymous survey will show that 70% of customers are comfortable purchasing streaming movies after 2 weeks using the website.,Usability
Users shall be able to reach the 'add'  'drop'  and 'trade player' pages with one click from the team owner's page,An anonymous survey will show that 95% of customers are comfortable using and purchasing pre-paid cards after a month of using the system,Usability
Users find it pleasant to use and appropriate for its industry/topic,Any new user can easily interact with system without any manual,Usability
Users can perform tasks quickly through the easiest process,any type of user can do any task with help of system catalog,Usability
User with no experience can easily use system,Customers should be able to purchase and watch a pre-determined movie in under 3 minutes,Usability
User with minimum interaction with system must be able use system,Different navigation menu will be provided for user to understand system,Usability
User will used system easily if most of content on system is use friendly,Estimator can easily learn to use system,Usability
User will use system easily to update their data system,Estimator can use system for their daily task,Usability
User will update his information,Every new user can use system by following support menu,Usability
User will start using system before launch of system,Every patient can enter their data in system easily,Usability
User will not make much error while using the system,Every problem answer will be provide on help symbol for new user,Usability
User will not able to do difference between system display and smart device display,Every user will be using the system after launch of system,Usability
"user will have trust on system, after using system for more than two days",FAQs will be provided in system to help user to use system,Usability
User will have better command on system after some time of uses,Icons can be used as shortcut during task,Usability
User will get response if any time user get error,Interface of system will be design for new user so they can use system easily,Usability
"User will get active response from system , if user get in any trouble or error",Interface of system will support both mouse and key board,Usability
User will enjoy while using the system,It should be easy for estimator to have command on system,Usability
User will easily use system for their daily task,It should be easy for every new user to use system,Usability
User will easily able to use system features after using system first time,It should be easy for user to do their task in less time due to easy user interface,Usability
User will be notified after every action,It should be easy for user to remember user function and navigation menus,Usability
User will be notified about any error or fault in system,"It supports a range of user actions and only shows an error in genuine erroneous situations. You achieve this by finding out the number, type and severity of common errors users make, as well as how easily users can recover from those errors.",Usability
User will be allowed to buy movies online at any time,It will be easy for any user to find points of each player,Usability
User will be able to add different product with new database,it will be easy for any user to use system for buy any pre-paid card,Usability
User sign up page will get every related information from user,It will be easy for every user to understand system using procedure,Usability
User should not take less than one to learn new system,It will be easy for new user to buy any movies online after creating account,Usability
User shall be able to view at least 25 NFL player statistics and points on each page,it will take less than three steps to watch movies,Usability
User relating to any industry can easily this system for their use,Local time will not be shown on product list in system,Usability
User no training to use system,Mouse and keyboard both can be used to use system,Usability
User need to help to learn system,"Movies will be available online, so user can purchase them",Usability
user need no training to complete any task,New database can be used with every product,Usability
User need no help to use the system,New user can easily use system after training of eight hours,Usability
User must understand system using help menu,New user can easily watch movies online without any purchase,Usability
User must complete task with help of system meta tag,NFL player points can be seen on first page for new user,Usability
User must be able to use system after successful training of system,Player can be dropped by user after their conformation,Usability
User must be able to use and complete their task efficiently,Product now can easily search in database for user,Usability
User must be able to read data from distance of less than thirty meter,Product should be easy user for customer to accomplish their task,Usability
User must be able to interact with system icons,Product should be help more than ninety percent people to complete their goals,Usability
User must be able to input as much data as system want,Product should support all international languages,Usability
User must be able to determine current battery strength upon presentation.,"Product should use universal user interface, which will help user to complete their task easily",Usability
User must be able to complete all task easily without any error,Product task completion rate must be less than two minutes,Usability
User must be able to add new case in system after training,Projection of data to another screen make data readable more easily,Usability
User have access to modified their display as per their need,Purchasing and streaming of new movies should be easy for new customer,Usability
User have access to customize icons as per their need,Receiving call form user must be easy for supervisor and completing their task,Usability
User have access to change time and date from system,Reports can be printed easily by new user in easy steps,Usability
User from different places can use system at same time,Reports must be easy to generate. Reports must be generated within one button click and exported within one button click.,Usability
User friendly product can help user to complete their task in less time easily,Schedule can easily be create using system for students,Usability
User friendly menu will be used in interface for user to use system,Schedule of class must be easy for administration staff,Usability
user friendly interface can help user to understand system,Sign up menu will provide in system for user to create account in system,Usability
User feel comfortable to use system on daily basis,Student can find their schedule of class manage by nursing staff using system,Usability
User can will use user friendly menu to help user to understand system,Students can easily access to their schedule of classes,Usability
User can watch different types of movies online,System Administrators shall monitor message exchanges will predict and determine problems and will also provide internal and external support.,Usability
User can use this system for their prospective use,System allow every patient to enter data without any error,Usability
User can use more than two language at one time,System can be access whole year from 7AM till 12AM for users.,Usability
User can use monitoring system,System can print more than one hundreds reports at one time,Usability
User can use GUI to check all details in system,System command can easily remember after use of ten days,Usability
User can use buy interface easily after using system for some time,system design must include helpful content for user to navigate to complete their task easily,Usability
User can take help for system from help symbols,System display setting can be done by user manually,Usability
User can start using system after taking training of six hours,"System function must be 	easy usable for every staff working under administration",Usability
User can start using system after registration in system,System help user to use system for task completion,Usability
User can start using system after completion of their training,System icons must be understandable by user,Usability
User can start buying after creating  an account in system,System icons must present understandable values to user,Usability
User can set their permission for certain action in system,System installation must be easy for any type of user,Usability
User can select any language to use system,system interface must be user friendly,Usability
User can select any language by using filter of countries,"system interface must user friendly, so new user can complete task without taking any help from outside",Usability
User can see more than thirty players on every page,System manual must be provided for user to help them to understand system usability,Usability
user can search movies online,System must be capable of understanding all user data,Usability
User can reserve more than five room for one day,System must be easily manage by staff to schedule students classes,Usability
User can monitor their task online easily,System must be using helpful word for user to use the system,Usability
User can maintain their product by integrating new database,System must easy to use for any type of new user,Usability
User can get external help from administration for system use,System must have easy command for every task,Usability
User can generate their reports for further tasks,System must have universal symbol for all type of user,Usability
User can format time and date accordingly,System must help user to complete their task in less than two minutes,Usability
user can find trade player pages online  in less than one minute,System must shows error done by user while entering any type of data,Usability
User can find online help regarding system for better understanding of system,System must understand user input,Usability
User can find help regarding using of system from help menu,System must use all terminology as define by organization,Usability
user can find any team owner by searching team information,System must use that action symbol which is understand by user,Usability
User can find answer of any query relating to system from help menu,System should allow user to project different data so data can easily be viewable,Usability
User can enter their local times from calendar,System should be accessible during day time all days of year till late night,Usability
User can easily use system for their use after eight hours of uses,System should be easily to use for the new user,Usability
User can easily remember all steps to complete task,System should be easy to use and understand,Usability
User can easily print their data form print section,System should be efficient for new user to help them understand easily,Usability
User can easily learn system after one time use,System should have easy helping navigation of for user to complete task,Usability
User can easily install the system from start to end,System should have menu for new user to find help to understand system,Usability
User can easily find their way to complete task by following helpful word in system,System should have user friendly interface for estimator,Usability
user can easily find their favourite team in  search list,System should provide manual to make it easy to use,Usability
User can easily find their favourite movies list after login into system,System should show helpful symbols at time of input from user,Usability
User can easily drop trading player after permission,System should support every type of input to reduce the chance of error,Usability
User can easily do their task by mouse or keyboard,System should take less than two minutes for daily user to complete task,Usability
User can easily do their task because of user friendly interface,System supports users in completing actions accurately,Usability
User can easily check all error in error menu,System will adjust the display for user by taking assumption of user uses,Usability
User can easily change their display setting after using system for one week,System will allow any user to purchase online after login into system,Usability
user can easily buy their card online less than three minutes,System will allow any user to use large font of display to help them to easily use of system,Usability
User can demand any movie they are willing to purchase,System will allow every user to check statistic  of their favourite player,Usability
User can customize how much player statistic show on one page,System will allow more than five user to use system at same time,Usability
user can complete their task by taking help from system,System will allow new user to create account with very easy steps,Usability
User can complete their budget list in less than three steps,System will allow user to change language at any time,Usability
User can complete task easily without any error,System will allow user to change system display size and resolution,Usability
User can complete any task in system without any manual,System will allow user to drop any player,Usability
User can buy online monitoring services by monthly payment,System will allow user to give feedback on system also,Usability
User can buy more than ten movies online,System will allow user to search  different movies and buy them at any time,Usability
User can buy any movie online is less than two steps,System will allow user to use mouse or keyboard to accomplished their task,Usability
User can ask for help form administration directly using system,System will attract more user because of user friendly interface,Usability
User can archives any tasks less than 5 steps,"System will auto update user local time, every time",Usability
user can also able to save their favourite movies online,System will be able to do more than ten conference online at one time,Usability
user can add any team into their favourite list,System will be available offline to user,Usability
Updated data can be print from system,System will be easy to use for any task for any type of user,Usability
Understanding of system should be part of system,System will be more easy for the user after training of two week,Usability
Understanding of system must be easy for new user,System will be very easy to use for any user due to help menu,Usability
Training time of system should be less then one day,System will easy for user to complete any task,Usability
Training session for this system will be less than ten hours,System will generate an error report done by user any time,Usability
Training session for new user must be less than eight hours,System will give answer to every input of user,Usability
Training of system should be less than eight hours per day,System will have universal user friendly menus list for user,Usability
Training for new user will  help them to use system easily,System will help different type of user to maintain their data in system,Usability
Training course of application must be less than three days,System will help user to complete their task using navigation icons.,Usability
Till late night system should be accessible throughout year,System will help user to do all types of task error free,Usability
this system will help new user to do their task without  any help,System will help user to print any kind of report in two steps,Usability
There will be more than three pages for user to get register in system,System will help user to recover from error,Usability
The website will use standard Internet conventions when interacting with the user.,System will notified user about any update in system],Usability
The website will provide a help section with answers and solutions to common problems.,System will print every type of report for user,Usability
'The WCS system shall use appropriate nomenclature and terminology as defined by the Corporate Community Grants organization. All interfaces and reports will undergo usability tests by CCR users,System will provide FAQs to help user to understand system,Usability
The verbiage used within the system shall be consistent with Standard English and the terminology of the national Nursing Community.,System will response in time of error done by user,Usability
The users should be able to easily use the system to successfully complete their budgets within the stipulated time for completion. With a week of training prior to product implementation  98% of the users shall complete their budgets within the stipulated time,System will take at least four days for user to understand,Usability
The User should access system all days of the year from early morning till night.,System will update every product when new product added,Usability
The user shall easily locate instructions while using the product.  User help can be found within 90% of the system,System will use universal help menu to help user to use system,Usability
The user must understand what the system does,task can be easily complete for user by learning user friendly interface,Usability
The user can use system with their keyboard and mouse,Task completion can be easy for every user because of universal user interface,Usability
The system will use less steps to complete any task,Task completion can done easily by using system for new user,Usability
The system will support every international register languages,Task completion rate by user must be greater than eighty percent,Usability
The system will provide help menu to help user to understand system,Task completion should take less than sixty seconds for user,Usability
The system will provide GUI based interface to interact with user,The  user will need at least one week to understand system fully,Usability
The system will help user to make their budgets online,'The application shall ask the user to confirm dropping a player or trading a player before performing the action,Usability
The system will help user to do all type of task less than minutes,The availability of system should be whole year.,Usability
the system will be very easy to use for new user of system,The look and feel of the system shall conform to the user interface standards of the smart device,Usability
The system will be helpful for any type of user,The product interface should be easy to for new customer to understand,Usability
The system will ask permission before doing any action,The product shall allow the user to select a chosen language from one of the target market countries.,Usability
The system will allow user to customize time setting as per their need in calendar,The product shall be able to display calendar dates and times according to the user's locale.  90% of survey respondents from each target market country will find that the date and time formatting of the product is correct.,Usability
The system will allow user to check updates online,The product shall be available to players who understand English Spanish and French,Usability
The system will allow user  to do online video conference for more than six hours,The product shall be easy for a realtor to learn.,Usability
The system software must be tailored for the needs of the individual patient,The product shall be easy for customers with novice skills on the Internet to purchase and watch streaming movies,Usability
The system should provide help or support menu for new user to help them understand new system.,The product shall be easy for customers with novice skills on the Internet to purchase and watch streaming movies.,Usability
The system shall help the user avoid making mistakes while scheduling classes and clinical for the nursing students.,The product shall be easy for System Administrators and DBAs to use after two weeks of usage.,Usability
The system shall cater to 10 simultaneous users from 9am to 5pm,The product shall be easy to learn by Adjusters and Collision Estimators.  The product shall be learned with two days onsite training,Usability
The system shall be used by realtors with no training,The product shall be easy to use. 90% of users will be able to successfully reserve a conference room within 5 minutes of product use,Usability
The system shall be easy to use by the Program Administrators/Nursing Staff Members.,The product shall be installed by an untrained realtor   without recourse to separately-printed instructions.,Usability
The system shall be easy to use by callers and supervisors. Callers and supervisors must be able to accomplish any system task within 2 minutes,The product shall be intuitive and self-explanatory.  Nine out ten users shall be able to successfully complete,Usability
The system shall allow modification of the display,The product shall give users feedback when necessary.,Usability
The system must use user friendly symbols as meta tag to help them to better understanding of system,The product shall increase productivity of Collision Estimators. 80% of the Collision Estimators shall agree their productivity has increase within 1 month of using the product.,Usability
The system must use standard English as help manual,The product shall make the users want to use it. 80% of the users surveyed report they are regularly using the product after the first 2 weeks post-launch,Usability
The system must use a point and click interface. 100% of all selection and navigation functionality must be able to be activated/selected by either a mouse or a keyboard,The product shall provide GUI based Monitoring Services,Usability
The system must be easy use for every type of user,The product shall provide Monitoring Services.,Usability
The system must be easy to use for user to call and complete their specific task in less than minutes,The product shall use a standard navigation menu familiar to most web users,Usability
The system must be easy for administration staff to complete their task,The product shall use symbols and words that are naturally understandable by the realtor community.,Usability
The system must be available in day time for whole year.,The product should be easy to use for new customer,Usability
The system must be available from day to the late night whole year,"The product should be easy to use for new customer, So they can buy and watch movies online",Usability
The system must be available for use between 7:00AM and 11:59PM all days of the year.,"The product should be user friendly, so user can easily complete their task",Usability
The system interface will be very easy for new user,The product should have good user response on any error,Usability
The system interface is very easy to use for every user to reserve room for online meeting,The product use user friendly interface for user to understand system,Usability
"the System interface is easy to learn and navigate; buttons, headings, and help/error messages are simple to understand",The system can access to use from early morning till late night all days of year,Usability
The system help user to schedule their task,The system can use in day times throughout the year,Usability
The system can use in day times throughout the year,The system help user to schedule their task,Usability
The system can access to use from early morning till late night all days of year,"the System interface is easy to learn and navigate; buttons, headings, and help/error messages are simple to understand",Usability
The product use user friendly interface for user to understand system,The system interface is very easy to use for every user to reserve room for online meeting,Usability
The product should have good user response on any error,The system interface will be very easy for new user,Usability
"The product should be user friendly, so user can easily complete their task",The system must be available for use between 7:00AM and 11:59PM all days of the year.,Usability
"The product should be easy to use for new customer, So they can buy and watch movies online",The system must be available from day to the late night whole year,Usability
The product should be easy to use for new customer,The system must be available in day time for whole year.,Usability
The product shall use symbols and words that are naturally understandable by the realtor community.,The system must be easy for administration staff to complete their task,Usability
The product shall use a standard navigation menu familiar to most web users,The system must be easy to use for user to call and complete their specific task in less than minutes,Usability
The product shall provide Monitoring Services.,The system must be easy use for every type of user,Usability
The product shall provide GUI based Monitoring Services,The system must use a point and click interface. 100% of all selection and navigation functionality must be able to be activated/selected by either a mouse or a keyboard,Usability
The product shall make the users want to use it. 80% of the users surveyed report they are regularly using the product after the first 2 weeks post-launch,The system must use standard English as help manual,Usability
The product shall increase productivity of Collision Estimators. 80% of the Collision Estimators shall agree their productivity has increase within 1 month of using the product.,The system must use user friendly symbols as meta tag to help them to better understanding of system,Usability
The product shall give users feedback when necessary.,The system shall allow modification of the display,Usability
The product shall be intuitive and self-explanatory.  Nine out ten users shall be able to successfully complete,The system shall be easy to use by callers and supervisors. Callers and supervisors must be able to accomplish any system task within 2 minutes,Usability
The product shall be installed by an untrained realtor   without recourse to separately-printed instructions.,The system shall be easy to use by the Program Administrators/Nursing Staff Members.,Usability
The product shall be easy to use. 90% of users will be able to successfully reserve a conference room within 5 minutes of product use,The system shall be used by realtors with no training,Usability
The product shall be easy to learn by Adjusters and Collision Estimators.  The product shall be learned with two days onsite training,The system shall cater to 10 simultaneous users from 9am to 5pm,Usability
The product shall be easy for System Administrators and DBAs to use after two weeks of usage.,The system shall help the user avoid making mistakes while scheduling classes and clinical for the nursing students.,Usability
The product shall be easy for customers with novice skills on the Internet to purchase and watch streaming movies.,The system should provide help or support menu for new user to help them understand new system.,Usability
The product shall be easy for customers with novice skills on the Internet to purchase and watch streaming movies,The system software must be tailored for the needs of the individual patient,Usability
The product shall be easy for a realtor to learn.,The system will allow user  to do online video conference for more than six hours,Usability
The product shall be available to players who understand English Spanish and French,The system will allow user to check updates online,Usability
The product shall be able to display calendar dates and times according to the user's locale.  90% of survey respondents from each target market country will find that the date and time formatting of the product is correct.,The system will allow user to customize time setting as per their need in calendar,Usability
The product shall allow the user to select a chosen language from one of the target market countries.,The system will ask permission before doing any action,Usability
The product interface should be easy to for new customer to understand,The system will be helpful for any type of user,Usability
The look and feel of the system shall conform to the user interface standards of the smart device,the system will be very easy to use for new user of system,Usability
The availability of system should be whole year.,The system will help user to do all type of task less than minutes,Usability
'The application shall ask the user to confirm dropping a player or trading a player before performing the action,The system will help user to make their budgets online,Usability
The  user will need at least one week to understand system fully,The system will provide GUI based interface to interact with user,Usability
Task completion should take less than sixty seconds for user,The system will provide help menu to help user to understand system,Usability
Task completion rate by user must be greater than eighty percent,The system will support every international register languages,Usability
Task completion can done easily by using system for new user,The system will use less steps to complete any task,Usability
Task completion can be easy for every user because of universal user interface,The user can use system with their keyboard and mouse,Usability
task can be easily complete for user by learning user friendly interface,The user must understand what the system does,Usability
System will use universal help menu to help user to use system,The user shall easily locate instructions while using the product.  User help can be found within 90% of the system,Usability
System will update every product when new product added,The User should access system all days of the year from early morning till night.,Usability
System will take at least four days for user to understand,The users should be able to easily use the system to successfully complete their budgets within the stipulated time for completion. With a week of training prior to product implementation  98% of the users shall complete their budgets within the stipulated time,Usability
System will response in time of error done by user,The verbiage used within the system shall be consistent with Standard English and the terminology of the national Nursing Community.,Usability
System will provide FAQs to help user to understand system,'The WCS system shall use appropriate nomenclature and terminology as defined by the Corporate Community Grants organization. All interfaces and reports will undergo usability tests by CCR users,Usability
System will print every type of report for user,The website will provide a help section with answers and solutions to common problems.,Usability
System will notified user about any update in system],The website will use standard Internet conventions when interacting with the user.,Usability
System will help user to recover from error,There will be more than three pages for user to get register in system,Usability
System will help user to print any kind of report in two steps,this system will help new user to do their task without  any help,Usability
System will help user to do all types of task error free,Till late night system should be accessible throughout year,Usability
System will help user to complete their task using navigation icons.,Training course of application must be less than three days,Usability
System will help different type of user to maintain their data in system,Training for new user will  help them to use system easily,Usability
System will have universal user friendly menus list for user,Training of system should be less than eight hours per day,Usability
System will give answer to every input of user,Training session for new user must be less than eight hours,Usability
System will generate an error report done by user any time,Training session for this system will be less than ten hours,Usability
System will easy for user to complete any task,Training time of system should be less then one day,Usability
System will be very easy to use for any user due to help menu,Understanding of system must be easy for new user,Usability
System will be more easy for the user after training of two week,Understanding of system should be part of system,Usability
System will be easy to use for any task for any type of user,Updated data can be print from system,Usability
System will be available offline to user,user can add any team into their favourite list,Usability
System will be able to do more than ten conference online at one time,user can also able to save their favourite movies online,Usability
"System will auto update user local time, every time",User can archives any tasks less than 5 steps,Usability
System will attract more user because of user friendly interface,User can ask for help form administration directly using system,Usability
System will allow user to use mouse or keyboard to accomplished their task,User can buy any movie online is less than two steps,Usability
System will allow user to search  different movies and buy them at any time,User can buy more than ten movies online,Usability
System will allow user to give feedback on system also,User can buy online monitoring services by monthly payment,Usability
System will allow user to drop any player,User can complete any task in system without any manual,Usability
System will allow user to change system display size and resolution,User can complete task easily without any error,Usability
System will allow user to change language at any time,User can complete their budget list in less than three steps,Usability
System will allow new user to create account with very easy steps,user can complete their task by taking help from system,Usability
System will allow more than five user to use system at same time,User can customize how much player statistic show on one page,Usability
System will allow every user to check statistic  of their favourite player,User can demand any movie they are willing to purchase,Usability
System will allow any user to use large font of display to help them to easily use of system,user can easily buy their card online less than three minutes,Usability
System will allow any user to purchase online after login into system,User can easily change their display setting after using system for one week,Usability
System will adjust the display for user by taking assumption of user uses,User can easily check all error in error menu,Usability
System supports users in completing actions accurately,User can easily do their task because of user friendly interface,Usability
System should take less than two minutes for daily user to complete task,User can easily do their task by mouse or keyboard,Usability
System should support every type of input to reduce the chance of error,User can easily drop trading player after permission,Usability
System should show helpful symbols at time of input from user,User can easily find their favourite movies list after login into system,Usability
System should provide manual to make it easy to use,user can easily find their favourite team in  search list,Usability
System should have user friendly interface for estimator,User can easily find their way to complete task by following helpful word in system,Usability
System should have menu for new user to find help to understand system,User can easily install the system from start to end,Usability
System should have easy helping navigation of for user to complete task,User can easily learn system after one time use,Usability
System should be efficient for new user to help them understand easily,User can easily print their data form print section,Usability
System should be easy to use and understand,User can easily remember all steps to complete task,Usability
System should be easily to use for the new user,User can easily use system for their use after eight hours of uses,Usability
System should be accessible during day time all days of year till late night,User can enter their local times from calendar,Usability
System should allow user to project different data so data can easily be viewable,User can find answer of any query relating to system from help menu,Usability
System must use that action symbol which is understand by user,user can find any team owner by searching team information,Usability
System must use all terminology as define by organization,User can find help regarding using of system from help menu,Usability
System must understand user input,User can find online help regarding system for better understanding of system,Usability
System must shows error done by user while entering any type of data,user can find trade player pages online  in less than one minute,Usability
System must help user to complete their task in less than two minutes,User can format time and date accordingly,Usability
System must have universal symbol for all type of user,User can generate their reports for further tasks,Usability
System must have easy command for every task,User can get external help from administration for system use,Usability
System must easy to use for any type of new user,User can maintain their product by integrating new database,Usability
System must be using helpful word for user to use the system,User can monitor their task online easily,Usability
System must be easily manage by staff to schedule students classes,User can reserve more than five room for one day,Usability
System must be capable of understanding all user data,user can search movies online,Usability
System manual must be provided for user to help them to understand system usability,User can see more than thirty players on every page,Usability
"system interface must user friendly, so new user can complete task without taking any help from outside",User can select any language by using filter of countries,Usability
system interface must be user friendly,User can select any language to use system,Usability
System installation must be easy for any type of user,User can set their permission for certain action in system,Usability
System icons must present understandable values to user,User can start buying after creating  an account in system,Usability
System icons must be understandable by user,User can start using system after completion of their training,Usability
System help user to use system for task completion,User can start using system after registration in system,Usability
"System function must be 	easy usable for every staff working under administration",User can start using system after taking training of six hours,Usability
System display setting can be done by user manually,User can take help for system from help symbols,Usability
system design must include helpful content for user to navigate to complete their task easily,User can use buy interface easily after using system for some time,Usability
System command can easily remember after use of ten days,User can use GUI to check all details in system,Usability
System can print more than one hundreds reports at one time,User can use monitoring system,Usability
System can be access whole year from 7AM till 12AM for users.,User can use more than two language at one time,Usability
System allow every patient to enter data without any error,User can use this system for their prospective use,Usability
System Administrators shall monitor message exchanges will predict and determine problems and will also provide internal and external support.,User can watch different types of movies online,Usability
Students can easily access to their schedule of classes,User can will use user friendly menu to help user to understand system,Usability
Student can find their schedule of class manage by nursing staff using system,User feel comfortable to use system on daily basis,Usability
Sign up menu will provide in system for user to create account in system,user friendly interface can help user to understand system,Usability
Schedule of class must be easy for administration staff,User friendly menu will be used in interface for user to use system,Usability
Schedule can easily be create using system for students,User friendly product can help user to complete their task in less time easily,Usability
Reports must be easy to generate. Reports must be generated within one button click and exported within one button click.,User from different places can use system at same time,Usability
Reports can be printed easily by new user in easy steps,User have access to change time and date from system,Usability
Receiving call form user must be easy for supervisor and completing their task,User have access to customize icons as per their need,Usability
Purchasing and streaming of new movies should be easy for new customer,User have access to modified their display as per their need,Usability
Projection of data to another screen make data readable more easily,User must be able to add new case in system after training,Usability
Product task completion rate must be less than two minutes,User must be able to complete all task easily without any error,Usability
"Product should use universal user interface, which will help user to complete their task easily",User must be able to determine current battery strength upon presentation.,Usability
Product should support all international languages,User must be able to input as much data as system want,Usability
Product should be help more than ninety percent people to complete their goals,User must be able to interact with system icons,Usability
Product should be easy user for customer to accomplish their task,User must be able to read data from distance of less than thirty meter,Usability
Product now can easily search in database for user,User must be able to use and complete their task efficiently,Usability
Player can be dropped by user after their conformation,User must be able to use system after successful training of system,Usability
NFL player points can be seen on first page for new user,User must complete task with help of system meta tag,Usability
New user can easily watch movies online without any purchase,User must understand system using help menu,Usability
New user can easily use system after training of eight hours,User need no help to use the system,Usability
New database can be used with every product,user need no training to complete any task,Usability
"Movies will be available online, so user can purchase them",User need to help to learn system,Usability
Mouse and keyboard both can be used to use system,User no training to use system,Usability
Local time will not be shown on product list in system,User relating to any industry can easily this system for their use,Usability
it will take less than three steps to watch movies,User shall be able to view at least 25 NFL player statistics and points on each page,Usability
It will be easy for new user to buy any movies online after creating account,User should not take less than one to learn new system,Usability
It will be easy for every user to understand system using procedure,User sign up page will get every related information from user,Usability
it will be easy for any user to use system for buy any pre-paid card,User will be able to add different product with new database,Usability
It will be easy for any user to find points of each player,User will be allowed to buy movies online at any time,Usability
"It supports a range of user actions and only shows an error in genuine erroneous situations. You achieve this by finding out the number, type and severity of common errors users make, as well as how easily users can recover from those errors.",User will be notified about any error or fault in system,Usability
It should be easy for user to remember user function and navigation menus,User will be notified after every action,Usability
It should be easy for user to do their task in less time due to easy user interface,User will easily able to use system features after using system first time,Usability
It should be easy for every new user to use system,User will easily use system for their daily task,Usability
It should be easy for estimator to have command on system,User will enjoy while using the system,Usability
Interface of system will support both mouse and key board,"User will get active response from system , if user get in any trouble or error",Usability
Interface of system will be design for new user so they can use system easily,User will get response if any time user get error,Usability
Icons can be used as shortcut during task,User will have better command on system after some time of uses,Usability
FAQs will be provided in system to help user to use system,"user will have trust on system, after using system for more than two days",Usability
Every user will be using the system after launch of system,User will not able to do difference between system display and smart device display,Usability
Every problem answer will be provide on help symbol for new user,User will not make much error while using the system,Usability
Every patient can enter their data in system easily,User will start using system before launch of system,Usability
Every new user can use system by following support menu,User will update his information,Usability
Estimator can use system for their daily task,User will use system easily to update their data system,Usability
Estimator can easily learn to use system,User will used system easily if most of content on system is use friendly,Usability
Different navigation menu will be provided for user to understand system,User with minimum interaction with system must be able use system,Usability
Customers should be able to purchase and watch a pre-determined movie in under 3 minutes,User with no experience can easily use system,Usability
any type of user can do any task with help of system catalog,Users can perform tasks quickly through the easiest process,Usability
Any new user can easily interact with system without any manual,Users find it pleasant to use and appropriate for its industry/topic,Usability
An anonymous survey will show that 95% of customers are comfortable using and purchasing pre-paid cards after a month of using the system,Users shall be able to reach the 'add'  'drop'  and 'trade player' pages with one click from the team owner's page,Usability
An anonymous survey will show that 70% of customers are comfortable purchasing streaming movies after 2 weeks using the website.,Users shall feel satisfied using the product.  85% of all users will be satisfied with the product,Usability
Amount User can enter their data with less amount to error,Users should be able to access their streaming movies in fewer than 2 clicks after logging into the website.,Usability
Administration will provide help to user for better understanding of system,Users should only have to navigate through a maximum of 4 pages to create an account with the website.,Usability
Administration can help user to use system efficiently,"using different type of symbols, header and menus will user to understand better and help them to use easily",Usability
add or drop menu of player can be access within three steps,Website will be follow universal user interface to help any user to use system,Usability
A user shall be able to use the system without instruction after a short amount of time. After one use a user should understand and remember 90% of the system usage and navigation,"when they first encounter an interface, users should be able to find their way about easily enough to achieve objectives without relying on outside/expert knowledge",Usability
80% of end users are able to integrate new database management systems with the product without changing the product's software code,Words and symbols must meet standard of user using system,Usability
